# HeidiSQL Dump 
#
# --------------------------------------------------------
# Host:                         127.0.0.1
# Database:                     pvr
# Server version:               5.0.67-community-nt
# Server OS:                    Win32
# Target compatibility:         HeidiSQL w/ MySQL Server 5.0
# Target max_allowed_packet:    1048576
# HeidiSQL version:             4.0
# Date/time:                    07.05.2009 21:49:12
# --------------------------------------------------------

/*!40014 SET @OLD_FOREIGN_KEY_CHECKS=@@FOREIGN_KEY_CHECKS, FOREIGN_KEY_CHECKS=0;*/


#
# Database structure for database 'pvr'
#

CREATE DATABASE /*!32312 IF NOT EXISTS*/ `pvr` /*!40100 DEFAULT CHARACTER SET utf8 */;

USE `pvr`;


#
# Table structure for table 'acos'
#

CREATE TABLE /*!32312 IF NOT EXISTS*/ `acos` (
  `id` int(10) NOT NULL auto_increment,
  `parent_id` int(10) default NULL,
  `model` varchar(255) default NULL,
  `foreign_key` int(10) default NULL,
  `alias` varchar(255) default NULL,
  `lft` int(10) default NULL,
  `rght` int(10) default NULL,
  PRIMARY KEY  (`id`)
) ENGINE=InnoDB AUTO_INCREMENT=122 DEFAULT CHARSET=utf8;



#
# Dumping data for table 'acos'
#

LOCK TABLES `acos` WRITE;
/*!40000 ALTER TABLE `acos` DISABLE KEYS;*/
REPLACE INTO `acos` (`id`, `parent_id`, `model`, `foreign_key`, `alias`, `lft`, `rght`) VALUES
	(1,NULL,NULL,NULL,'controllers',1,150),
	(2,1,NULL,NULL,'Users',2,35),
	(3,2,NULL,NULL,'index',3,4),
	(4,2,NULL,NULL,'login',5,6),
	(5,2,NULL,NULL,'logout',7,8),
	(6,2,NULL,NULL,'reg',9,10),
	(7,2,NULL,NULL,'thanks',11,12),
	(8,2,NULL,NULL,'reset',13,14),
	(9,2,NULL,NULL,'edit',15,16),
	(10,2,NULL,NULL,'delete',17,18),
	(11,2,NULL,NULL,'view',19,20),
	(12,2,NULL,NULL,'admin_index',21,22),
	(13,2,NULL,NULL,'admin_edit',23,24),
	(14,2,NULL,NULL,'admin_delete',25,26),
	(15,2,NULL,NULL,'admin_view',27,28),
	(16,2,NULL,NULL,'acoset',29,30),
	(17,2,NULL,NULL,'aroset',31,32),
	(18,2,NULL,NULL,'permset',33,34),
	(19,1,NULL,NULL,'Groups',36,57),
	(20,19,NULL,NULL,'index',37,38),
	(21,19,NULL,NULL,'view',39,40),
	(22,19,NULL,NULL,'add',41,42),
	(23,19,NULL,NULL,'edit',43,44),
	(24,19,NULL,NULL,'delete',45,46),
	(25,19,NULL,NULL,'admin_index',47,48),
	(26,19,NULL,NULL,'admin_view',49,50),
	(27,19,NULL,NULL,'admin_add',51,52),
	(28,19,NULL,NULL,'admin_edit',53,54),
	(29,19,NULL,NULL,'admin_delete',55,56),
	(30,1,NULL,NULL,'Albums',58,121),
	(31,30,NULL,NULL,'index',59,60),
	(32,30,NULL,NULL,'view',61,62),
	(33,30,NULL,NULL,'add',63,64),
	(34,30,NULL,NULL,'edit',65,66),
	(35,30,NULL,NULL,'delete',67,68),
	(36,30,NULL,NULL,'admin_index',69,70),
	(37,30,NULL,NULL,'admin_view',71,72),
	(38,30,NULL,NULL,'admin_add',73,74),
	(39,30,NULL,NULL,'admin_edit',75,76),
	(40,30,NULL,NULL,'admin_delete',77,78),
	(41,1,NULL,NULL,'Images',122,145),
	(42,41,NULL,NULL,'index',123,124),
	(43,41,NULL,NULL,'view',125,126),
	(44,41,NULL,NULL,'add',127,128),
	(45,41,NULL,NULL,'edit',129,130),
	(46,41,NULL,NULL,'delete',131,132),
	(47,41,NULL,NULL,'admin_index',133,134),
	(48,41,NULL,NULL,'admin_view',135,136),
	(49,41,NULL,NULL,'admin_add',137,138),
	(50,41,NULL,NULL,'admin_edit',139,140),
	(51,41,NULL,NULL,'admin_delete',141,142),
	(98,30,'Album',1,NULL,79,80),
	(99,30,'Album',2,NULL,81,82),
	(100,30,'Album',3,NULL,83,84),
	(101,30,'Album',4,NULL,85,86),
	(102,30,'Album',5,NULL,87,88),
	(103,30,'Album',6,NULL,89,90),
	(104,30,'Album',7,NULL,91,92),
	(105,30,'Album',8,NULL,93,94),
	(106,30,'Album',9,NULL,95,96),
	(107,30,'Album',10,NULL,97,98),
	(108,30,'Album',11,NULL,99,100),
	(109,30,'Album',12,NULL,101,102),
	(110,30,'Album',13,NULL,103,104),
	(111,30,'Album',14,NULL,105,106),
	(112,30,'Album',15,NULL,107,108),
	(113,30,'Album',16,NULL,109,110),
	(114,1,NULL,NULL,'Pages',146,149),
	(115,114,NULL,NULL,'admin_index',147,148),
	(116,41,NULL,NULL,'admin_addDemo',143,144),
	(117,30,'Album',17,NULL,111,112),
	(118,30,'Album',18,NULL,113,114),
	(119,30,'Album',19,NULL,115,116),
	(120,30,'Album',20,NULL,117,118),
	(121,30,'Album',21,NULL,119,120);
/*!40000 ALTER TABLE `acos` ENABLE KEYS;*/
UNLOCK TABLES;


#
# Table structure for table 'albums'
#

CREATE TABLE /*!32312 IF NOT EXISTS*/ `albums` (
  `id` int(10) unsigned NOT NULL auto_increment,
  `user_id` int(11) default NULL,
  `name` varchar(150) NOT NULL default '',
  `image` text,
  `image_count` int(12) unsigned default '0',
  `created` datetime default NULL,
  `modified` datetime default NULL,
  PRIMARY KEY  (`id`)
) ENGINE=InnoDB AUTO_INCREMENT=22 DEFAULT CHARSET=utf8;



#
# Dumping data for table 'albums'
#

LOCK TABLES `albums` WRITE;
/*!40000 ALTER TABLE `albums` DISABLE KEYS;*/
REPLACE INTO `albums` (`id`, `user_id`, `name`, `image`, `image_count`, `created`, `modified`) VALUES
	('1',14,'newAlbum','default.jpg','95','2009-03-16 16:43:04','2009-03-16 16:43:04'),
	('2',15,'newAlbum','default.jpg','0','2009-03-16 17:09:05','2009-03-16 17:09:05'),
	('3',1,'newAlbum','default.jpg','0','2009-03-16 18:46:19','2009-03-16 18:46:19'),
	('4',1,'albumAdmin','default.jpg','1','2009-03-16 18:47:42','2009-03-16 18:47:42'),
	('5',16,'newAlbum','default.jpg','0','2009-03-16 20:49:02','2009-03-16 20:49:02'),
	('6',17,'newAlbum','default.jpg','0','2009-04-01 17:39:42','2009-04-01 17:39:42'),
	('7',18,'newAlbum','default.jpg','103','2009-04-02 16:13:00','2009-04-02 16:13:00'),
	('8',19,'newAlbum','default.jpg','3','2009-04-06 21:14:21','2009-04-06 21:14:21'),
	('9',20,'newAlbum','default.jpg','0','2009-04-08 13:14:51','2009-04-08 13:14:51'),
	('10',21,'newAlbum','default.jpg','5','2009-04-08 17:53:03','2009-04-08 17:53:03'),
	('11',22,'newAlbum','default.jpg','0','2009-04-13 19:50:41','2009-04-13 19:50:41'),
	('12',23,'work2','default.jpg','5','2009-04-14 15:06:03','2009-04-14 15:06:03'),
	('13',24,'newAlbum','default.jpg','13','2009-04-14 22:06:37','2009-04-14 22:06:37'),
	('14',25,'newAlbum','default.jpg','1','2009-04-21 18:41:12','2009-04-21 18:41:12'),
	('15',26,'newAlbum','default.jpg','11','2009-04-21 18:51:11','2009-04-21 18:51:11'),
	('16',27,'newAlbum','default.jpg','5','2009-04-21 20:04:43','2009-04-21 20:04:43'),
	('17',28,'newAlbum','default.jpg','3','2009-05-05 19:48:08','2009-05-05 19:48:08'),
	('18',29,'newAlbum','default.jpg','4','2009-05-05 20:32:24','2009-05-05 20:32:24'),
	('19',30,'newAlbum','default.jpg','2','2009-05-05 20:40:40','2009-05-05 20:40:40'),
	('20',31,'newAlbum','default.jpg','5','2009-05-05 20:49:38','2009-05-05 20:49:38'),
	('21',32,'newAlbum','default.jpg','1','2009-05-07 12:46:19','2009-05-07 12:46:19');
/*!40000 ALTER TABLE `albums` ENABLE KEYS;*/
UNLOCK TABLES;


#
# Table structure for table 'aros'
#

CREATE TABLE /*!32312 IF NOT EXISTS*/ `aros` (
  `id` int(10) NOT NULL auto_increment,
  `parent_id` int(10) default NULL,
  `model` varchar(255) default NULL,
  `foreign_key` int(10) default NULL,
  `alias` varchar(255) default NULL,
  `lft` int(10) default NULL,
  `rght` int(10) default NULL,
  PRIMARY KEY  (`id`)
) ENGINE=InnoDB AUTO_INCREMENT=39 DEFAULT CHARSET=utf8;



#
# Dumping data for table 'aros'
#

LOCK TABLES `aros` WRITE;
/*!40000 ALTER TABLE `aros` DISABLE KEYS;*/
REPLACE INTO `aros` (`id`, `parent_id`, `model`, `foreign_key`, `alias`, `lft`, `rght`) VALUES
	(1,NULL,'Group',1,'Admin',1,14),
	(2,1,'Group',2,'Super',2,5),
	(3,NULL,'Group',3,'Moderator ',15,16),
	(4,NULL,'Group',4,'User',17,50),
	(5,NULL,'Group',5,'Guest',51,52),
	(7,1,'User',1,'Admin::1',6,7),
	(8,2,'User',2,'Kondrat::2',3,4),
	(20,4,'User',14,NULL,18,19),
	(21,4,'User',15,NULL,20,21),
	(22,4,'User',16,NULL,22,23),
	(23,4,'User',17,NULL,24,25),
	(24,4,'User',18,NULL,26,27),
	(25,1,'User',19,NULL,8,9),
	(26,4,'User',20,NULL,28,29),
	(27,1,'User',21,NULL,10,11),
	(28,1,'User',22,NULL,12,13),
	(29,4,'User',23,NULL,30,31),
	(30,4,'User',24,NULL,32,33),
	(31,4,'User',25,NULL,34,35),
	(32,4,'User',26,NULL,36,37),
	(33,4,'User',27,NULL,38,39),
	(34,4,'User',28,NULL,40,41),
	(35,4,'User',29,NULL,42,43),
	(36,4,'User',30,NULL,44,45),
	(37,4,'User',31,NULL,46,47),
	(38,4,'User',32,NULL,48,49);
/*!40000 ALTER TABLE `aros` ENABLE KEYS;*/
UNLOCK TABLES;


#
# Table structure for table 'aros_acos'
#

CREATE TABLE /*!32312 IF NOT EXISTS*/ `aros_acos` (
  `id` int(10) NOT NULL auto_increment,
  `aro_id` int(10) NOT NULL,
  `aco_id` int(10) NOT NULL,
  `_create` varchar(2) NOT NULL default '0',
  `_read` varchar(2) NOT NULL default '0',
  `_update` varchar(2) NOT NULL default '0',
  `_delete` varchar(2) NOT NULL default '0',
  PRIMARY KEY  (`id`),
  UNIQUE KEY `ARO_ACO_KEY` (`aro_id`,`aco_id`)
) ENGINE=InnoDB AUTO_INCREMENT=29 DEFAULT CHARSET=utf8;



#
# Dumping data for table 'aros_acos'
#

LOCK TABLES `aros_acos` WRITE;
/*!40000 ALTER TABLE `aros_acos` DISABLE KEYS;*/
REPLACE INTO `aros_acos` (`id`, `aro_id`, `aco_id`, `_create`, `_read`, `_update`, `_delete`) VALUES
	(1,1,1,'1','1','1','1'),
	(4,5,30,'1','1','1','1'),
	(11,4,30,'-1','-1','-1','-1'),
	(23,4,33,'1','1','1','1'),
	(26,7,100,'1','1','1','1'),
	(27,7,101,'1','1','1','1'),
	(28,29,109,'1','1','1','1');
/*!40000 ALTER TABLE `aros_acos` ENABLE KEYS;*/
UNLOCK TABLES;


#
# Table structure for table 'groups'
#

CREATE TABLE /*!32312 IF NOT EXISTS*/ `groups` (
  `id` int(10) unsigned NOT NULL auto_increment,
  `name` varchar(64) character set utf8 collate utf8_unicode_ci NOT NULL,
  PRIMARY KEY  (`id`)
) ENGINE=InnoDB AUTO_INCREMENT=6 DEFAULT CHARSET=utf8;



#
# Dumping data for table 'groups'
#

LOCK TABLES `groups` WRITE;
/*!40000 ALTER TABLE `groups` DISABLE KEYS;*/
REPLACE INTO `groups` (`id`, `name`) VALUES
	('1','admin'),
	('2','super'),
	('3','moderator'),
	('4','user'),
	('5','guest');
/*!40000 ALTER TABLE `groups` ENABLE KEYS;*/
UNLOCK TABLES;


#
# Table structure for table 'images'
#

CREATE TABLE /*!32312 IF NOT EXISTS*/ `images` (
  `id` int(10) unsigned NOT NULL auto_increment,
  `album_id` int(10) unsigned default NULL,
  `name` varchar(150) NOT NULL default '',
  `key` char(32) default NULL,
  `farm` int(10) unsigned default NULL,
  `path` varchar(255) default NULL,
  `image` text,
  `created` datetime default NULL,
  `modified` datetime default NULL,
  PRIMARY KEY  (`id`),
  KEY `album` (`album_id`)
) ENGINE=InnoDB AUTO_INCREMENT=426 DEFAULT CHARSET=utf8;



#
# Dumping data for table 'images'
#

LOCK TABLES `images` WRITE;
/*!40000 ALTER TABLE `images` DISABLE KEYS;*/
REPLACE INTO `images` (`id`, `album_id`, `name`, `key`, `farm`, `path`, `image`, `created`, `modified`) VALUES
	('85','1','',NULL,NULL,NULL,'a:1:{s:3:"img";a:6:{s:2:"sq";a:2:{s:6:"height";s:2:"75";s:5:"width";s:2:"75";}s:3:"thm";a:2:{s:6:"height";i:75;s:5:"width";s:3:"100";}s:3:"sml";a:2:{s:6:"height";i:180;s:5:"width";s:3:"240";}s:2:"md";a:2:{s:6:"height";d:472.5;s:5:"width";s:3:"630";}s:3:"lrg";a:2:{s:6:"height";i:600;s:5:"width";i:800;}s:3:"img";s:19:"39842-49ccf4dacd9ae";}}','2009-03-27 18:46:35','2009-03-27 18:46:35'),
	('86','1','',NULL,NULL,NULL,'a:1:{s:3:"img";a:6:{s:2:"sq";a:2:{s:6:"height";s:2:"75";s:5:"width";s:2:"75";}s:3:"thm";a:2:{s:6:"height";s:3:"100";s:5:"width";d:70.125;}s:3:"sml";a:2:{s:6:"height";s:3:"240";s:5:"width";d:168.30000000000001136868377216160297393798828125;}s:2:"md";a:2:{s:6:"height";s:3:"630";s:5:"width";d:441.7875000000000227373675443232059478759765625;}s:3:"lrg";a:2:{s:6:"height";i:800;s:5:"width";i:561;}s:3:"img";s:19:"74308-49ccf4e867d69";}}','2009-03-27 18:46:49','2009-03-27 18:46:49'),
	('87','1','',NULL,NULL,NULL,'a:1:{s:3:"img";a:6:{s:2:"sq";a:2:{s:6:"height";s:2:"75";s:5:"width";s:2:"75";}s:3:"thm";a:2:{s:6:"height";s:3:"100";s:5:"width";d:70.125;}s:3:"sml";a:2:{s:6:"height";s:3:"240";s:5:"width";d:168.30000000000001136868377216160297393798828125;}s:2:"md";a:2:{s:6:"height";s:3:"630";s:5:"width";d:441.7875000000000227373675443232059478759765625;}s:3:"lrg";a:2:{s:6:"height";i:800;s:5:"width";i:561;}s:3:"img";s:19:"17879-49ccf553d5e71";}}','2009-03-27 18:48:36','2009-03-27 18:48:36'),
	('88','1','',NULL,NULL,NULL,'a:1:{s:3:"img";a:6:{s:2:"sq";a:2:{s:6:"height";s:2:"75";s:5:"width";s:2:"75";}s:3:"thm";a:2:{s:6:"height";s:3:"100";s:5:"width";i:75;}s:3:"sml";a:2:{s:6:"height";s:3:"240";s:5:"width";i:180;}s:2:"md";a:2:{s:6:"height";s:3:"630";s:5:"width";d:472.5;}s:3:"lrg";a:2:{s:6:"height";i:800;s:5:"width";i:600;}s:3:"img";s:19:"43557-49ccf55bdad0a";}}','2009-03-27 18:48:44','2009-03-27 18:48:44'),
	('89','1','',NULL,NULL,NULL,'a:1:{s:3:"img";a:6:{s:2:"sq";a:2:{s:6:"height";s:2:"75";s:5:"width";s:2:"75";}s:3:"thm";a:2:{s:6:"height";d:72.25;s:5:"width";s:3:"100";}s:3:"sml";a:2:{s:6:"height";d:173.400000000000005684341886080801486968994140625;s:5:"width";s:3:"240";}s:2:"md";a:2:{s:6:"height";d:455.17500000000001136868377216160297393798828125;s:5:"width";s:3:"630";}s:3:"lrg";a:2:{s:6:"height";i:578;s:5:"width";i:800;}s:3:"img";s:19:"31792-49ccf5643e42c";}}','2009-03-27 18:48:53','2009-03-27 18:48:53'),
	('90','1','',NULL,NULL,NULL,'a:1:{s:3:"img";a:6:{s:2:"sq";a:2:{s:6:"height";s:2:"75";s:5:"width";s:2:"75";}s:3:"thm";a:2:{s:6:"height";s:3:"100";s:5:"width";d:66.625;}s:3:"sml";a:2:{s:6:"height";s:3:"240";s:5:"width";d:159.900000000000005684341886080801486968994140625;}s:2:"md";a:2:{s:6:"height";s:3:"630";s:5:"width";d:419.73750000000001136868377216160297393798828125;}s:3:"lrg";a:2:{s:6:"height";i:800;s:5:"width";i:533;}s:3:"img";s:19:"89893-49ccfaefba2bb";}}','2009-03-27 19:12:32','2009-03-27 19:12:32'),
	('91','1','',NULL,NULL,NULL,'a:1:{s:3:"img";a:6:{s:2:"sq";a:2:{s:6:"height";s:2:"75";s:5:"width";s:2:"75";}s:3:"thm";a:2:{s:6:"height";s:3:"100";s:5:"width";i:75;}s:3:"sml";a:2:{s:6:"height";s:3:"240";s:5:"width";i:180;}s:2:"md";a:2:{s:6:"height";s:3:"630";s:5:"width";d:472.5;}s:3:"lrg";a:2:{s:6:"height";i:800;s:5:"width";i:600;}s:3:"img";s:19:"87776-49ccfb293a801";}}','2009-03-27 19:13:30','2009-03-27 19:13:30'),
	('92','1','',NULL,NULL,NULL,'a:1:{s:3:"img";a:6:{s:2:"sq";a:2:{s:6:"height";s:2:"75";s:5:"width";s:2:"75";}s:3:"thm";a:2:{s:6:"height";s:3:"100";s:5:"width";d:91.125;}s:3:"sml";a:2:{s:6:"height";s:3:"240";s:5:"width";d:218.69999999999998863131622783839702606201171875;}s:2:"md";a:2:{s:6:"height";s:3:"630";s:5:"width";d:574.0874999999999772626324556767940521240234375;}s:3:"lrg";a:2:{s:6:"height";i:800;s:5:"width";i:729;}s:3:"img";s:19:"53524-49ccfb7c46bf6";}}','2009-03-27 19:14:53','2009-03-27 19:14:53'),
	('93','1','',NULL,NULL,NULL,'a:1:{s:3:"img";a:6:{s:2:"sq";a:2:{s:6:"height";s:2:"75";s:5:"width";s:2:"75";}s:3:"thm";a:2:{s:6:"height";s:3:"100";s:5:"width";d:91.125;}s:3:"sml";a:2:{s:6:"height";s:3:"240";s:5:"width";d:218.69999999999998863131622783839702606201171875;}s:2:"md";a:2:{s:6:"height";s:3:"630";s:5:"width";d:574.0874999999999772626324556767940521240234375;}s:3:"lrg";a:2:{s:6:"height";i:800;s:5:"width";i:729;}s:3:"img";s:19:"55156-49ccfb8f77ebf";}}','2009-03-27 19:15:12','2009-03-27 19:15:12'),
	('94','1','',NULL,NULL,NULL,'a:1:{s:3:"img";a:6:{s:2:"sq";a:2:{s:6:"height";s:2:"75";s:5:"width";s:2:"75";}s:3:"thm";a:2:{s:6:"height";s:3:"100";s:5:"width";d:75.4545454545454532535586622543632984161376953125;}s:3:"sml";a:2:{s:6:"height";s:3:"100";s:5:"width";d:75.4545454545454532535586622543632984161376953125;}s:2:"md";a:2:{s:6:"height";s:3:"100";s:5:"width";d:75.4545454545454532535586622543632984161376953125;}s:3:"lrg";a:2:{s:6:"height";i:110;s:5:"width";i:83;}s:3:"img";s:19:"24599-49ccfb99932dd";}}','2009-03-27 19:15:21','2009-03-27 19:15:21'),
	('95','1','',NULL,NULL,NULL,'a:1:{s:3:"img";a:6:{s:2:"sq";a:2:{s:6:"height";s:2:"75";s:5:"width";s:2:"75";}s:3:"thm";a:2:{s:6:"height";s:3:"100";s:5:"width";i:75;}s:3:"sml";a:2:{s:6:"height";s:3:"240";s:5:"width";i:180;}s:2:"md";a:2:{s:6:"height";s:3:"630";s:5:"width";d:472.5;}s:3:"lrg";a:2:{s:6:"height";i:800;s:5:"width";i:600;}s:3:"img";s:19:"20404-49ccfba2326ab";}}','2009-03-27 19:15:31','2009-03-27 19:15:31'),
	('96','1','',NULL,NULL,NULL,'a:1:{s:3:"img";a:6:{s:2:"sq";a:2:{s:6:"height";s:2:"75";s:5:"width";s:2:"75";}s:3:"thm";a:2:{s:6:"height";s:3:"100";s:5:"width";d:75.4545454545454532535586622543632984161376953125;}s:3:"sml";a:2:{s:6:"height";s:3:"100";s:5:"width";d:75.4545454545454532535586622543632984161376953125;}s:2:"md";a:2:{s:6:"height";s:3:"100";s:5:"width";d:75.4545454545454532535586622543632984161376953125;}s:3:"lrg";a:2:{s:6:"height";i:110;s:5:"width";i:83;}s:3:"img";s:19:"89619-49ccfbcd9d40b";}}','2009-03-27 19:16:13','2009-03-27 19:16:13'),
	('97','1','',NULL,NULL,NULL,'a:1:{s:3:"img";a:6:{s:2:"sq";a:2:{s:6:"height";s:2:"75";s:5:"width";s:2:"75";}s:3:"thm";a:2:{s:6:"height";i:70;s:5:"width";s:3:"100";}s:3:"sml";a:2:{s:6:"height";i:168;s:5:"width";s:3:"240";}s:2:"md";a:2:{s:6:"height";i:441;s:5:"width";s:3:"630";}s:3:"lrg";a:2:{s:6:"height";i:560;s:5:"width";i:800;}s:3:"img";s:19:"76411-49d0b2aea9700";}}','2009-03-30 15:53:19','2009-03-30 15:53:19'),
	('98','1','',NULL,NULL,NULL,'a:1:{s:3:"img";a:6:{s:2:"sq";a:2:{s:6:"height";s:2:"75";s:5:"width";s:2:"75";}s:3:"thm";a:2:{s:6:"height";d:75.25;s:5:"width";s:3:"100";}s:3:"sml";a:2:{s:6:"height";d:180.599999999999994315658113919198513031005859375;s:5:"width";s:3:"240";}s:2:"md";a:2:{s:6:"height";d:474.07499999999998863131622783839702606201171875;s:5:"width";s:3:"630";}s:3:"lrg";a:2:{s:6:"height";i:602;s:5:"width";i:800;}s:3:"img";s:19:"37794-49d0b2c08b6a3";}}','2009-03-30 15:53:37','2009-03-30 15:53:37'),
	('99','1','',NULL,NULL,NULL,'a:1:{s:3:"img";a:6:{s:2:"sq";a:2:{s:6:"height";s:2:"75";s:5:"width";s:2:"75";}s:3:"thm";a:2:{s:6:"height";i:70;s:5:"width";s:3:"100";}s:3:"sml";a:2:{s:6:"height";i:168;s:5:"width";s:3:"240";}s:2:"md";a:2:{s:6:"height";i:441;s:5:"width";s:3:"630";}s:3:"lrg";a:2:{s:6:"height";i:560;s:5:"width";i:800;}s:3:"img";s:19:"52183-49d0b3e988c7c";}}','2009-03-30 15:58:34','2009-03-30 15:58:34'),
	('100','1','',NULL,NULL,NULL,'a:1:{s:3:"img";a:6:{s:2:"sq";a:2:{s:6:"height";s:2:"75";s:5:"width";s:2:"75";}s:3:"thm";a:2:{s:6:"height";d:68.375;s:5:"width";s:3:"100";}s:3:"sml";a:2:{s:6:"height";d:164.099999999999994315658113919198513031005859375;s:5:"width";s:3:"240";}s:2:"md";a:2:{s:6:"height";d:430.76249999999998863131622783839702606201171875;s:5:"width";s:3:"630";}s:3:"lrg";a:2:{s:6:"height";i:547;s:5:"width";i:800;}s:3:"img";s:19:"92887-49d0b3f3d03a0";}}','2009-03-30 15:58:44','2009-03-30 15:58:44'),
	('101','1','',NULL,NULL,NULL,'a:1:{s:3:"img";a:6:{s:2:"sq";a:2:{s:6:"height";s:2:"75";s:5:"width";s:2:"75";}s:3:"thm";a:2:{s:6:"height";s:3:"100";s:5:"width";d:70.125;}s:3:"sml";a:2:{s:6:"height";s:3:"240";s:5:"width";d:168.30000000000001136868377216160297393798828125;}s:2:"md";a:2:{s:6:"height";s:3:"630";s:5:"width";d:441.7875000000000227373675443232059478759765625;}s:3:"lrg";a:2:{s:6:"height";i:800;s:5:"width";i:561;}s:3:"img";s:19:"63852-49d0b3ff1cb0b";}}','2009-03-30 15:58:55','2009-03-30 15:58:55'),
	('102','1','',NULL,NULL,NULL,'a:1:{s:3:"img";a:6:{s:2:"sq";a:2:{s:6:"height";s:2:"75";s:5:"width";s:2:"75";}s:3:"thm";a:2:{s:6:"height";i:75;s:5:"width";s:3:"100";}s:3:"sml";a:2:{s:6:"height";i:180;s:5:"width";s:3:"240";}s:2:"md";a:2:{s:6:"height";d:472.5;s:5:"width";s:3:"630";}s:3:"lrg";a:2:{s:6:"height";i:600;s:5:"width";i:800;}s:3:"img";s:19:"69201-49d0c31a97b7b";}}','2009-03-30 17:03:23','2009-03-30 17:03:23'),
	('103','1','',NULL,NULL,NULL,'a:1:{s:3:"img";a:6:{s:2:"sq";a:2:{s:6:"height";s:2:"75";s:5:"width";s:2:"75";}s:3:"thm";a:2:{s:6:"height";i:70;s:5:"width";s:3:"100";}s:3:"sml";a:2:{s:6:"height";i:168;s:5:"width";s:3:"240";}s:2:"md";a:2:{s:6:"height";i:441;s:5:"width";s:3:"630";}s:3:"lrg";a:2:{s:6:"height";i:560;s:5:"width";i:800;}s:3:"img";s:19:"50751-49d246e7e43ea";}}','2009-03-31 20:38:00','2009-03-31 20:38:00'),
	('104','1','',NULL,NULL,NULL,'a:1:{s:3:"img";a:6:{s:2:"sq";a:2:{s:6:"height";s:2:"75";s:5:"width";s:2:"75";}s:3:"thm";a:2:{s:6:"height";d:68.375;s:5:"width";s:3:"100";}s:3:"sml";a:2:{s:6:"height";d:164.099999999999994315658113919198513031005859375;s:5:"width";s:3:"240";}s:2:"md";a:2:{s:6:"height";d:430.76249999999998863131622783839702606201171875;s:5:"width";s:3:"630";}s:3:"lrg";a:2:{s:6:"height";i:547;s:5:"width";i:800;}s:3:"img";s:19:"93791-49d251f35542b";}}','2009-03-31 21:25:08','2009-03-31 21:25:08'),
	('105','1','',NULL,NULL,NULL,'a:1:{s:3:"img";a:6:{s:2:"sq";a:2:{s:6:"height";s:2:"75";s:5:"width";s:2:"75";}s:3:"thm";a:2:{s:6:"height";i:75;s:5:"width";s:3:"100";}s:3:"sml";a:2:{s:6:"height";i:180;s:5:"width";s:3:"240";}s:2:"md";a:2:{s:6:"height";d:472.5;s:5:"width";s:3:"630";}s:3:"lrg";a:2:{s:6:"height";i:600;s:5:"width";i:800;}s:3:"img";s:19:"17574-49d252120e590";}}','2009-03-31 21:25:38','2009-03-31 21:25:38'),
	('106','1','',NULL,NULL,NULL,'a:1:{s:3:"img";a:6:{s:2:"sq";a:2:{s:6:"height";s:2:"75";s:5:"width";s:2:"75";}s:3:"thm";a:2:{s:6:"height";d:75.25;s:5:"width";s:3:"100";}s:3:"sml";a:2:{s:6:"height";d:180.599999999999994315658113919198513031005859375;s:5:"width";s:3:"240";}s:2:"md";a:2:{s:6:"height";d:474.07499999999998863131622783839702606201171875;s:5:"width";s:3:"630";}s:3:"lrg";a:2:{s:6:"height";i:602;s:5:"width";i:800;}s:3:"img";s:19:"98484-49d25230b4bf6";}}','2009-03-31 21:26:09','2009-03-31 21:26:09'),
	('107','1','',NULL,NULL,NULL,'a:1:{s:3:"img";a:6:{s:2:"sq";a:2:{s:6:"height";s:2:"75";s:5:"width";s:2:"75";}s:3:"thm";a:2:{s:6:"height";s:3:"100";s:5:"width";d:91.125;}s:3:"sml";a:2:{s:6:"height";s:3:"240";s:5:"width";d:218.69999999999998863131622783839702606201171875;}s:2:"md";a:2:{s:6:"height";s:3:"630";s:5:"width";d:574.0874999999999772626324556767940521240234375;}s:3:"lrg";a:2:{s:6:"height";i:800;s:5:"width";i:729;}s:3:"img";s:19:"67615-49d36a6cdf660";}}','2009-04-01 17:21:49','2009-04-01 17:21:49'),
	('108','1','',NULL,NULL,NULL,'a:1:{s:3:"img";a:6:{s:2:"sq";a:2:{s:6:"height";s:2:"75";s:5:"width";s:2:"75";}s:3:"thm";a:2:{s:6:"height";i:75;s:5:"width";s:3:"100";}s:3:"sml";a:2:{s:6:"height";i:180;s:5:"width";s:3:"240";}s:2:"md";a:2:{s:6:"height";d:472.5;s:5:"width";s:3:"630";}s:3:"lrg";a:2:{s:6:"height";i:600;s:5:"width";i:800;}s:3:"img";s:19:"48166-49d36a9476f39";}}','2009-04-01 17:22:29','2009-04-01 17:22:29'),
	('109',NULL,'',NULL,NULL,NULL,'a:1:{s:3:"img";a:6:{s:2:"sq";a:2:{s:6:"height";s:2:"75";s:5:"width";s:2:"75";}s:3:"thm";a:2:{s:6:"height";d:70.546875;s:5:"width";s:3:"100";}s:3:"sml";a:2:{s:6:"height";d:169.3125;s:5:"width";s:3:"240";}s:2:"md";a:2:{s:6:"height";d:444.4453125;s:5:"width";s:3:"630";}s:3:"lrg";a:2:{s:6:"height";d:722.3999999999999772626324556767940521240234375;s:5:"width";s:4:"1024";}s:3:"img";s:19:"68217-49d36d98d303c";}}','2009-04-01 17:35:22','2009-04-01 17:35:22'),
	('110',NULL,'',NULL,NULL,NULL,'a:1:{s:3:"img";a:6:{s:2:"sq";a:2:{s:6:"height";s:2:"75";s:5:"width";s:2:"75";}s:3:"thm";a:2:{s:6:"height";d:91.796875;s:5:"width";s:3:"100";}s:3:"sml";a:2:{s:6:"height";d:220.3125;s:5:"width";s:3:"240";}s:2:"md";a:2:{s:6:"height";d:578.3203125;s:5:"width";s:3:"630";}s:3:"lrg";a:2:{s:6:"height";i:940;s:5:"width";s:4:"1024";}s:3:"img";s:19:"89598-49d36de937760";}}','2009-04-01 17:36:43','2009-04-01 17:36:43'),
	('111',NULL,'',NULL,NULL,NULL,'a:1:{s:3:"img";a:6:{s:2:"sq";a:2:{s:6:"height";s:2:"75";s:5:"width";s:2:"75";}s:3:"thm";a:2:{s:6:"height";d:77.9214986619090126396258710883557796478271484375;s:5:"width";s:3:"100";}s:3:"sml";a:2:{s:6:"height";d:187.011596788581613282076432369649410247802734375;s:5:"width";s:3:"240";}s:2:"md";a:2:{s:6:"height";d:490.90544157002676683987374417483806610107421875;s:5:"width";s:3:"630";}s:3:"lrg";a:2:{s:6:"height";d:797.916146297948216670192778110504150390625;s:5:"width";s:4:"1024";}s:3:"img";s:19:"33196-49d36e3f03e01";}}','2009-04-01 17:38:11','2009-04-01 17:38:11'),
	('112','1','',NULL,NULL,NULL,'a:1:{s:3:"img";a:6:{s:2:"sq";a:2:{s:6:"height";s:2:"75";s:5:"width";s:2:"75";}s:3:"thm";a:2:{s:6:"height";d:91.796875;s:5:"width";s:3:"100";}s:3:"sml";a:2:{s:6:"height";d:220.3125;s:5:"width";s:3:"240";}s:2:"md";a:2:{s:6:"height";d:578.3203125;s:5:"width";s:3:"630";}s:3:"lrg";a:2:{s:6:"height";i:940;s:5:"width";s:4:"1024";}s:3:"img";s:19:"53433-49d36eecc7c7f";}}','2009-04-01 17:41:03','2009-04-01 17:41:03'),
	('113','1','',NULL,NULL,NULL,'a:1:{s:3:"img";a:6:{s:2:"sq";a:2:{s:6:"height";s:2:"75";s:5:"width";s:2:"75";}s:3:"thm";a:2:{s:6:"height";s:3:"100";s:5:"width";i:75;}s:3:"sml";a:2:{s:6:"height";s:3:"240";s:5:"width";i:180;}s:2:"md";a:2:{s:6:"height";s:3:"630";s:5:"width";d:472.5;}s:3:"lrg";a:2:{s:6:"height";i:800;s:5:"width";i:600;}s:3:"img";s:19:"47086-49d370b2b2ab9";}}','2009-04-01 17:48:35','2009-04-01 17:48:35'),
	('114','1','',NULL,NULL,NULL,'a:1:{s:3:"img";a:6:{s:2:"sq";a:2:{s:6:"height";s:2:"75";s:5:"width";s:2:"75";}s:3:"thm";a:2:{s:6:"height";i:75;s:5:"width";s:3:"100";}s:3:"sml";a:2:{s:6:"height";i:180;s:5:"width";s:3:"240";}s:2:"md";a:2:{s:6:"height";d:472.5;s:5:"width";s:3:"630";}s:3:"lrg";a:2:{s:6:"height";i:600;s:5:"width";i:800;}s:3:"img";s:19:"78229-49d39c6d849eb";}}','2009-04-01 20:55:10','2009-04-01 20:55:10'),
	('115','1','',NULL,NULL,NULL,'a:1:{s:3:"img";a:6:{s:2:"sq";a:2:{s:6:"height";s:2:"75";s:5:"width";s:2:"75";}s:3:"thm";a:2:{s:6:"height";s:3:"100";s:5:"width";i:75;}s:3:"sml";a:2:{s:6:"height";s:3:"240";s:5:"width";i:180;}s:2:"md";a:2:{s:6:"height";s:3:"630";s:5:"width";d:472.5;}s:3:"lrg";a:2:{s:6:"height";i:800;s:5:"width";i:600;}s:3:"img";s:19:"20220-49d39c81185e8";}}','2009-04-01 20:55:29','2009-04-01 20:55:29'),
	('116','1','',NULL,NULL,NULL,'a:1:{s:3:"img";a:6:{s:2:"sq";a:2:{s:6:"height";s:2:"75";s:5:"width";s:2:"75";}s:3:"thm";a:2:{s:6:"height";d:68.375;s:5:"width";s:3:"100";}s:3:"sml";a:2:{s:6:"height";d:164.099999999999994315658113919198513031005859375;s:5:"width";s:3:"240";}s:2:"md";a:2:{s:6:"height";d:430.76249999999998863131622783839702606201171875;s:5:"width";s:3:"630";}s:3:"lrg";a:2:{s:6:"height";i:547;s:5:"width";i:800;}s:3:"img";s:19:"26773-49d481dbe68e3";}}','2009-04-02 13:14:04','2009-04-02 13:14:04'),
	('117','1','',NULL,NULL,NULL,'a:1:{s:3:"img";a:6:{s:2:"sq";a:2:{s:6:"height";s:2:"75";s:5:"width";s:2:"75";}s:3:"thm";a:2:{s:6:"height";s:3:"100";s:5:"width";i:75;}s:3:"sml";a:2:{s:6:"height";s:3:"240";s:5:"width";i:180;}s:2:"md";a:2:{s:6:"height";s:3:"630";s:5:"width";d:472.5;}s:3:"lrg";a:2:{s:6:"height";i:800;s:5:"width";i:600;}s:3:"img";s:19:"70425-49d4820f67ca7";}}','2009-04-02 13:14:56','2009-04-02 13:14:56'),
	('118','1','',NULL,NULL,NULL,'a:1:{s:3:"img";a:6:{s:2:"sq";a:2:{s:6:"height";s:2:"75";s:5:"width";s:2:"75";}s:3:"thm";a:2:{s:6:"height";d:66.625;s:5:"width";s:3:"100";}s:3:"sml";a:2:{s:6:"height";d:159.900000000000005684341886080801486968994140625;s:5:"width";s:3:"240";}s:2:"md";a:2:{s:6:"height";d:419.73750000000001136868377216160297393798828125;s:5:"width";s:3:"630";}s:3:"lrg";a:2:{s:6:"height";i:533;s:5:"width";i:800;}s:3:"img";s:19:"97116-49d4839a4864c";}}','2009-04-02 13:21:31','2009-04-02 13:21:31'),
	('119','1','',NULL,NULL,NULL,'a:1:{s:3:"img";a:6:{s:2:"sq";a:2:{s:6:"height";s:2:"75";s:5:"width";s:2:"75";}s:3:"thm";a:2:{s:6:"height";d:66.5;s:5:"width";s:3:"100";}s:3:"sml";a:2:{s:6:"height";d:159.599999999999994315658113919198513031005859375;s:5:"width";s:3:"240";}s:2:"md";a:2:{s:6:"height";d:418.94999999999998863131622783839702606201171875;s:5:"width";s:3:"630";}s:3:"lrg";a:2:{s:6:"height";i:532;s:5:"width";i:800;}s:3:"img";s:19:"78749-49d484758170f";}}','2009-04-02 13:25:10','2009-04-02 13:25:10'),
	('120','1','',NULL,NULL,NULL,'a:1:{s:3:"img";a:6:{s:2:"sq";a:2:{s:6:"height";s:2:"75";s:5:"width";s:2:"75";}s:3:"thm";a:2:{s:6:"height";d:66.75;s:5:"width";s:3:"100";}s:3:"sml";a:2:{s:6:"height";d:160.19999999999998863131622783839702606201171875;s:5:"width";s:3:"240";}s:2:"md";a:2:{s:6:"height";d:420.5249999999999772626324556767940521240234375;s:5:"width";s:3:"630";}s:3:"lrg";a:2:{s:6:"height";i:534;s:5:"width";i:800;}s:3:"img";s:19:"90656-49d4848797350";}}','2009-04-02 13:25:28','2009-04-02 13:25:28'),
	('121','1','',NULL,NULL,NULL,'a:1:{s:3:"img";a:6:{s:2:"sq";a:2:{s:6:"height";s:2:"75";s:5:"width";s:2:"75";}s:3:"thm";a:2:{s:6:"height";s:3:"100";s:5:"width";i:75;}s:3:"sml";a:2:{s:6:"height";s:3:"240";s:5:"width";i:180;}s:2:"md";a:2:{s:6:"height";s:3:"630";s:5:"width";d:472.5;}s:3:"lrg";a:2:{s:6:"height";i:800;s:5:"width";i:600;}s:3:"img";s:19:"31862-49d484c7c5475";}}','2009-04-02 13:26:32','2009-04-02 13:26:32'),
	('122','1','',NULL,NULL,NULL,'a:1:{s:3:"img";a:6:{s:2:"sq";a:2:{s:6:"height";s:2:"75";s:5:"width";s:2:"75";}s:3:"thm";a:2:{s:6:"height";s:3:"100";s:5:"width";i:75;}s:3:"sml";a:2:{s:6:"height";s:3:"240";s:5:"width";i:180;}s:2:"md";a:2:{s:6:"height";s:3:"630";s:5:"width";d:472.5;}s:3:"lrg";a:2:{s:6:"height";s:4:"1024";s:5:"width";i:768;}s:3:"img";s:19:"52431-49d4863f3cbdb";}}','2009-04-02 13:32:49','2009-04-02 13:32:49'),
	('123','1','',NULL,NULL,NULL,'a:1:{s:3:"img";a:6:{s:2:"sq";a:2:{s:6:"height";s:2:"75";s:5:"width";s:2:"75";}s:3:"thm";a:2:{s:6:"height";d:66.5;s:5:"width";s:3:"100";}s:3:"sml";a:2:{s:6:"height";d:159.599999999999994315658113919198513031005859375;s:5:"width";s:3:"240";}s:2:"md";a:2:{s:6:"height";d:418.94999999999998863131622783839702606201171875;s:5:"width";s:3:"630";}s:3:"lrg";a:2:{s:6:"height";i:532;s:5:"width";i:800;}s:3:"img";s:19:"88380-49d486530e7a4";}}','2009-04-02 13:33:07','2009-04-02 13:33:07'),
	('124','1','',NULL,NULL,NULL,'a:1:{s:3:"img";a:6:{s:2:"sq";a:2:{s:6:"height";s:2:"75";s:5:"width";s:2:"75";}s:3:"thm";a:2:{s:6:"height";s:3:"100";s:5:"width";i:75;}s:3:"sml";a:2:{s:6:"height";s:3:"240";s:5:"width";i:180;}s:2:"md";a:2:{s:6:"height";s:3:"630";s:5:"width";d:472.5;}s:3:"lrg";a:2:{s:6:"height";i:800;s:5:"width";i:600;}s:3:"img";s:19:"26848-49d4869d946b2";}}','2009-04-02 13:34:22','2009-04-02 13:34:22'),
	('125','1','',NULL,NULL,NULL,'a:1:{s:3:"img";a:6:{s:2:"sq";a:2:{s:6:"height";s:2:"75";s:5:"width";s:2:"75";}s:3:"thm";a:2:{s:6:"height";s:3:"100";s:5:"width";i:75;}s:3:"sml";a:2:{s:6:"height";s:3:"240";s:5:"width";i:180;}s:2:"md";a:2:{s:6:"height";s:3:"630";s:5:"width";d:472.5;}s:3:"lrg";a:2:{s:6:"height";i:800;s:5:"width";i:600;}s:3:"img";s:19:"37284-49d488e85f6d2";}}','2009-04-02 13:44:09','2009-04-02 13:44:09'),
	('126','1','',NULL,NULL,NULL,'a:1:{s:3:"img";a:6:{s:2:"sq";a:2:{s:6:"height";s:2:"75";s:5:"width";s:2:"75";}s:3:"thm";a:2:{s:6:"height";i:75;s:5:"width";s:3:"100";}s:3:"sml";a:2:{s:6:"height";i:180;s:5:"width";s:3:"240";}s:2:"md";a:2:{s:6:"height";d:472.5;s:5:"width";s:3:"630";}s:3:"lrg";a:2:{s:6:"height";i:600;s:5:"width";i:800;}s:3:"img";s:19:"19069-49d489bdcd8f1";}}','2009-04-02 13:47:42','2009-04-02 13:47:42'),
	('127','1','',NULL,NULL,NULL,'a:1:{s:3:"img";a:6:{s:2:"sq";a:2:{s:6:"height";s:2:"75";s:5:"width";s:2:"75";}s:3:"thm";a:2:{s:6:"height";s:3:"100";s:5:"width";d:66.625;}s:3:"sml";a:2:{s:6:"height";s:3:"240";s:5:"width";d:159.900000000000005684341886080801486968994140625;}s:2:"md";a:2:{s:6:"height";s:3:"630";s:5:"width";d:419.73750000000001136868377216160297393798828125;}s:3:"lrg";a:2:{s:6:"height";i:800;s:5:"width";i:533;}s:3:"img";s:19:"40679-49d489f18b41f";}}','2009-04-02 13:48:34','2009-04-02 13:48:34'),
	('128','1','',NULL,NULL,NULL,'a:1:{s:3:"img";a:6:{s:2:"sq";a:2:{s:6:"height";s:2:"75";s:5:"width";s:2:"75";}s:3:"thm";a:2:{s:6:"height";i:75;s:5:"width";s:3:"100";}s:3:"sml";a:2:{s:6:"height";i:180;s:5:"width";s:3:"240";}s:2:"md";a:2:{s:6:"height";d:472.5;s:5:"width";s:3:"630";}s:3:"lrg";a:2:{s:6:"height";i:600;s:5:"width";i:800;}s:3:"img";s:19:"33655-49d48c3e58328";}}','2009-04-02 13:58:23','2009-04-02 13:58:23'),
	('129','1','',NULL,NULL,NULL,'a:1:{s:3:"img";a:6:{s:2:"sq";a:2:{s:6:"height";s:2:"75";s:5:"width";s:2:"75";}s:3:"thm";a:2:{s:6:"height";d:54.5;s:5:"width";s:3:"100";}s:3:"sml";a:2:{s:6:"height";d:130.80000000000001136868377216160297393798828125;s:5:"width";s:3:"240";}s:2:"md";a:2:{s:6:"height";d:343.3500000000000227373675443232059478759765625;s:5:"width";s:3:"630";}s:3:"lrg";a:2:{s:6:"height";i:436;s:5:"width";i:800;}s:3:"img";s:19:"19355-49d48c9baad50";}}','2009-04-02 13:59:56','2009-04-02 13:59:56'),
	('130','1','',NULL,NULL,NULL,'a:1:{s:3:"img";a:6:{s:2:"sq";a:2:{s:6:"height";s:2:"75";s:5:"width";s:2:"75";}s:3:"thm";a:2:{s:6:"height";s:3:"100";s:5:"width";i:75;}s:3:"sml";a:2:{s:6:"height";s:3:"240";s:5:"width";i:180;}s:2:"md";a:2:{s:6:"height";s:3:"630";s:5:"width";d:472.5;}s:3:"lrg";a:2:{s:6:"height";i:800;s:5:"width";i:600;}s:3:"img";s:19:"42923-49d48d834f225";}}','2009-04-02 14:03:48','2009-04-02 14:03:48'),
	('131','1','',NULL,NULL,NULL,'a:1:{s:3:"img";a:6:{s:2:"sq";a:2:{s:6:"height";s:2:"75";s:5:"width";s:2:"75";}s:3:"thm";a:2:{s:6:"height";s:3:"100";s:5:"width";d:70.125;}s:3:"sml";a:2:{s:6:"height";s:3:"240";s:5:"width";d:168.30000000000001136868377216160297393798828125;}s:2:"md";a:2:{s:6:"height";s:3:"630";s:5:"width";d:441.7875000000000227373675443232059478759765625;}s:3:"lrg";a:2:{s:6:"height";i:800;s:5:"width";i:561;}s:3:"img";s:19:"15219-49d48ebd91441";}}','2009-04-02 14:09:02','2009-04-02 14:09:02'),
	('132','1','',NULL,NULL,NULL,'a:1:{s:3:"img";a:6:{s:2:"sq";a:2:{s:6:"height";s:2:"75";s:5:"width";s:2:"75";}s:3:"thm";a:2:{s:6:"height";i:84;s:5:"width";s:3:"100";}s:3:"sml";a:2:{s:6:"height";d:201.599999999999994315658113919198513031005859375;s:5:"width";s:3:"240";}s:2:"md";a:2:{s:6:"height";d:529.200000000000045474735088646411895751953125;s:5:"width";s:3:"630";}s:3:"lrg";a:2:{s:6:"height";i:672;s:5:"width";i:800;}s:3:"img";s:19:"21179-49d48f179c0d8";}}','2009-04-02 14:10:32','2009-04-02 14:10:32'),
	('133','1','',NULL,NULL,NULL,'a:1:{s:3:"img";a:6:{s:2:"sq";a:2:{s:6:"height";s:2:"75";s:5:"width";s:2:"75";}s:3:"thm";a:2:{s:6:"height";s:3:"100";s:5:"width";d:91.125;}s:3:"sml";a:2:{s:6:"height";s:3:"240";s:5:"width";d:218.69999999999998863131622783839702606201171875;}s:2:"md";a:2:{s:6:"height";s:3:"630";s:5:"width";d:574.0874999999999772626324556767940521240234375;}s:3:"lrg";a:2:{s:6:"height";i:800;s:5:"width";i:729;}s:3:"img";s:19:"68600-49d48fe10e54d";}}','2009-04-02 14:13:54','2009-04-02 14:13:54'),
	('134','1','',NULL,NULL,NULL,'a:1:{s:3:"img";a:6:{s:2:"sq";a:2:{s:6:"height";s:2:"75";s:5:"width";s:2:"75";}s:3:"thm";a:2:{s:6:"height";d:66.5;s:5:"width";s:3:"100";}s:3:"sml";a:2:{s:6:"height";d:159.599999999999994315658113919198513031005859375;s:5:"width";s:3:"240";}s:2:"md";a:2:{s:6:"height";d:418.94999999999998863131622783839702606201171875;s:5:"width";s:3:"630";}s:3:"lrg";a:2:{s:6:"height";i:532;s:5:"width";i:800;}s:3:"img";s:19:"73061-49d490fb4b716";}}','2009-04-02 14:18:36','2009-04-02 14:18:36'),
	('135','1','',NULL,NULL,NULL,'a:1:{s:3:"img";a:6:{s:2:"sq";a:2:{s:6:"height";s:2:"75";s:5:"width";s:2:"75";}s:3:"thm";a:2:{s:6:"height";i:84;s:5:"width";s:3:"100";}s:3:"sml";a:2:{s:6:"height";d:201.599999999999994315658113919198513031005859375;s:5:"width";s:3:"240";}s:2:"md";a:2:{s:6:"height";d:529.200000000000045474735088646411895751953125;s:5:"width";s:3:"630";}s:3:"lrg";a:2:{s:6:"height";i:672;s:5:"width";i:800;}s:3:"img";s:19:"10450-49d4914740124";}}','2009-04-02 14:19:52','2009-04-02 14:19:52'),
	('136','1','',NULL,NULL,NULL,'a:1:{s:3:"img";a:6:{s:2:"sq";a:2:{s:6:"height";s:2:"75";s:5:"width";s:2:"75";}s:3:"thm";a:2:{s:6:"height";d:66.5;s:5:"width";s:3:"100";}s:3:"sml";a:2:{s:6:"height";d:159.599999999999994315658113919198513031005859375;s:5:"width";s:3:"240";}s:2:"md";a:2:{s:6:"height";d:418.94999999999998863131622783839702606201171875;s:5:"width";s:3:"630";}s:3:"lrg";a:2:{s:6:"height";i:532;s:5:"width";i:800;}s:3:"img";s:19:"57344-49d4915a693d9";}}','2009-04-02 14:20:11','2009-04-02 14:20:11'),
	('137','1','',NULL,NULL,NULL,'a:1:{s:3:"img";a:6:{s:2:"sq";a:2:{s:6:"height";s:2:"75";s:5:"width";s:2:"75";}s:3:"thm";a:2:{s:6:"height";s:3:"100";s:5:"width";i:75;}s:3:"sml";a:2:{s:6:"height";s:3:"240";s:5:"width";i:180;}s:2:"md";a:2:{s:6:"height";s:3:"630";s:5:"width";d:472.5;}s:3:"lrg";a:2:{s:6:"height";i:800;s:5:"width";i:600;}s:3:"img";s:19:"12642-49d494669f830";}}','2009-04-02 14:33:11','2009-04-02 14:33:11'),
	('138','1','',NULL,NULL,NULL,'a:1:{s:3:"img";a:6:{s:2:"sq";a:2:{s:6:"height";s:2:"75";s:5:"width";s:2:"75";}s:3:"thm";a:2:{s:6:"height";d:75.375;s:5:"width";s:3:"100";}s:3:"sml";a:2:{s:6:"height";d:180.900000000000005684341886080801486968994140625;s:5:"width";s:3:"240";}s:2:"md";a:2:{s:6:"height";d:474.86250000000001136868377216160297393798828125;s:5:"width";s:3:"630";}s:3:"lrg";a:2:{s:6:"height";i:603;s:5:"width";i:800;}s:3:"img";s:19:"81663-49d4969ebca75";}}','2009-04-02 14:42:39','2009-04-02 14:42:39'),
	('139','1','',NULL,NULL,NULL,'a:1:{s:3:"img";a:6:{s:2:"sq";a:2:{s:6:"height";s:2:"75";s:5:"width";s:2:"75";}s:3:"thm";a:2:{s:6:"height";d:66.5;s:5:"width";s:3:"100";}s:3:"sml";a:2:{s:6:"height";d:159.599999999999994315658113919198513031005859375;s:5:"width";s:3:"240";}s:2:"md";a:2:{s:6:"height";d:418.94999999999998863131622783839702606201171875;s:5:"width";s:3:"630";}s:3:"lrg";a:2:{s:6:"height";i:532;s:5:"width";i:800;}s:3:"img";s:19:"67544-49d4972881362";}}','2009-04-02 14:44:57','2009-04-02 14:44:57'),
	('140','1','',NULL,NULL,NULL,'a:1:{s:3:"img";a:6:{s:2:"sq";a:2:{s:6:"height";s:2:"75";s:5:"width";s:2:"75";}s:3:"thm";a:2:{s:6:"height";i:75;s:5:"width";s:3:"100";}s:3:"sml";a:2:{s:6:"height";i:180;s:5:"width";s:3:"240";}s:2:"md";a:2:{s:6:"height";d:472.5;s:5:"width";s:3:"630";}s:3:"lrg";a:2:{s:6:"height";i:600;s:5:"width";i:800;}s:3:"img";s:19:"53483-49d497486a1ff";}}','2009-04-02 14:45:29','2009-04-02 14:45:29'),
	('141','1','',NULL,NULL,NULL,'a:1:{s:3:"img";a:6:{s:2:"sq";a:2:{s:6:"height";s:2:"75";s:5:"width";s:2:"75";}s:3:"thm";a:2:{s:6:"height";i:75;s:5:"width";s:3:"100";}s:3:"sml";a:2:{s:6:"height";i:180;s:5:"width";s:3:"240";}s:2:"md";a:2:{s:6:"height";d:472.5;s:5:"width";s:3:"630";}s:3:"lrg";a:2:{s:6:"height";i:600;s:5:"width";i:800;}s:3:"img";s:19:"61262-49d497694e4c4";}}','2009-04-02 14:46:02','2009-04-02 14:46:02'),
	('142','1','',NULL,NULL,NULL,'a:1:{s:3:"img";a:6:{s:2:"sq";a:2:{s:6:"height";s:2:"75";s:5:"width";s:2:"75";}s:3:"thm";a:2:{s:6:"height";s:3:"100";s:5:"width";i:75;}s:3:"sml";a:2:{s:6:"height";s:3:"240";s:5:"width";i:180;}s:2:"md";a:2:{s:6:"height";s:3:"630";s:5:"width";d:472.5;}s:3:"lrg";a:2:{s:6:"height";i:800;s:5:"width";i:600;}s:3:"img";s:19:"81173-49d4988970b5d";}}','2009-04-02 14:50:50','2009-04-02 14:50:50'),
	('143','1','',NULL,NULL,NULL,'a:1:{s:3:"img";a:6:{s:2:"sq";a:2:{s:6:"height";s:2:"75";s:5:"width";s:2:"75";}s:3:"thm";a:2:{s:6:"height";i:84;s:5:"width";s:3:"100";}s:3:"sml";a:2:{s:6:"height";d:201.599999999999994315658113919198513031005859375;s:5:"width";s:3:"240";}s:2:"md";a:2:{s:6:"height";d:529.200000000000045474735088646411895751953125;s:5:"width";s:3:"630";}s:3:"lrg";a:2:{s:6:"height";i:672;s:5:"width";i:800;}s:3:"img";s:19:"43638-49d49895c66a3";}}','2009-04-02 14:51:02','2009-04-02 14:51:02'),
	('144','1','',NULL,NULL,NULL,'a:1:{s:3:"img";a:6:{s:2:"sq";a:2:{s:6:"height";s:2:"75";s:5:"width";s:2:"75";}s:3:"thm";a:2:{s:6:"height";d:75.375;s:5:"width";s:3:"100";}s:3:"sml";a:2:{s:6:"height";d:180.900000000000005684341886080801486968994140625;s:5:"width";s:3:"240";}s:2:"md";a:2:{s:6:"height";d:474.86250000000001136868377216160297393798828125;s:5:"width";s:3:"630";}s:3:"lrg";a:2:{s:6:"height";i:603;s:5:"width";i:800;}s:3:"img";s:19:"67230-49d499ae9840a";}}','2009-04-02 14:55:43','2009-04-02 14:55:43'),
	('145','1','',NULL,NULL,NULL,'a:1:{s:3:"img";a:6:{s:2:"sq";a:2:{s:6:"height";s:2:"75";s:5:"width";s:2:"75";}s:3:"thm";a:2:{s:6:"height";s:3:"100";s:5:"width";i:75;}s:3:"sml";a:2:{s:6:"height";s:3:"240";s:5:"width";i:180;}s:2:"md";a:2:{s:6:"height";s:3:"630";s:5:"width";d:472.5;}s:3:"lrg";a:2:{s:6:"height";i:800;s:5:"width";i:600;}s:3:"img";s:19:"87814-49d499cdba4b7";}}','2009-04-02 14:56:14','2009-04-02 14:56:14'),
	('146','1','',NULL,NULL,NULL,'a:1:{s:3:"img";a:6:{s:2:"sq";a:2:{s:6:"height";s:2:"75";s:5:"width";s:2:"75";}s:3:"thm";a:2:{s:6:"height";d:66.625;s:5:"width";s:3:"100";}s:3:"sml";a:2:{s:6:"height";d:159.900000000000005684341886080801486968994140625;s:5:"width";s:3:"240";}s:2:"md";a:2:{s:6:"height";d:419.73750000000001136868377216160297393798828125;s:5:"width";s:3:"630";}s:3:"lrg";a:2:{s:6:"height";i:533;s:5:"width";i:800;}s:3:"img";s:19:"10530-49d49a58f27a6";}}','2009-04-02 14:58:33','2009-04-02 14:58:33'),
	('147','1','',NULL,NULL,NULL,'a:1:{s:3:"img";a:6:{s:2:"sq";a:2:{s:6:"height";s:2:"75";s:5:"width";s:2:"75";}s:3:"thm";a:2:{s:6:"height";i:75;s:5:"width";s:3:"100";}s:3:"sml";a:2:{s:6:"height";i:180;s:5:"width";s:3:"240";}s:2:"md";a:2:{s:6:"height";d:472.5;s:5:"width";s:3:"630";}s:3:"lrg";a:2:{s:6:"height";i:600;s:5:"width";i:800;}s:3:"img";s:19:"23885-49d49a70bb491";}}','2009-04-02 14:58:57','2009-04-02 14:58:57'),
	('148','1','',NULL,NULL,NULL,'a:1:{s:3:"img";a:6:{s:2:"sq";a:2:{s:6:"height";s:2:"75";s:5:"width";s:2:"75";}s:3:"thm";a:2:{s:6:"height";d:66.625;s:5:"width";s:3:"100";}s:3:"sml";a:2:{s:6:"height";d:159.900000000000005684341886080801486968994140625;s:5:"width";s:3:"240";}s:2:"md";a:2:{s:6:"height";d:419.73750000000001136868377216160297393798828125;s:5:"width";s:3:"630";}s:3:"lrg";a:2:{s:6:"height";i:533;s:5:"width";i:800;}s:3:"img";s:19:"34273-49d49ad461857";}}','2009-04-02 15:00:37','2009-04-02 15:00:37'),
	('149','1','',NULL,NULL,NULL,'a:1:{s:3:"img";a:6:{s:2:"sq";a:2:{s:6:"height";s:2:"75";s:5:"width";s:2:"75";}s:3:"thm";a:2:{s:6:"height";s:3:"100";s:5:"width";d:66.625;}s:3:"sml";a:2:{s:6:"height";s:3:"240";s:5:"width";d:159.900000000000005684341886080801486968994140625;}s:2:"md";a:2:{s:6:"height";s:3:"630";s:5:"width";d:419.73750000000001136868377216160297393798828125;}s:3:"lrg";a:2:{s:6:"height";i:800;s:5:"width";i:533;}s:3:"img";s:19:"71243-49d49d0335d97";}}','2009-04-02 15:09:55','2009-04-02 15:09:55'),
	('150','1','',NULL,NULL,NULL,'a:1:{s:3:"img";a:6:{s:2:"sq";a:2:{s:6:"height";s:2:"75";s:5:"width";s:2:"75";}s:3:"thm";a:2:{s:6:"height";d:66.625;s:5:"width";s:3:"100";}s:3:"sml";a:2:{s:6:"height";d:159.900000000000005684341886080801486968994140625;s:5:"width";s:3:"240";}s:2:"md";a:2:{s:6:"height";d:419.73750000000001136868377216160297393798828125;s:5:"width";s:3:"630";}s:3:"lrg";a:2:{s:6:"height";i:533;s:5:"width";i:800;}s:3:"img";s:19:"77721-49d49ff6446ea";}}','2009-04-02 15:22:31','2009-04-02 15:22:31'),
	('151','1','',NULL,NULL,NULL,'a:1:{s:3:"img";a:6:{s:2:"sq";a:2:{s:6:"height";s:2:"75";s:5:"width";s:2:"75";}s:3:"thm";a:2:{s:6:"height";s:3:"100";s:5:"width";d:70.125;}s:3:"sml";a:2:{s:6:"height";s:3:"240";s:5:"width";d:168.30000000000001136868377216160297393798828125;}s:2:"md";a:2:{s:6:"height";s:3:"630";s:5:"width";d:441.7875000000000227373675443232059478759765625;}s:3:"lrg";a:2:{s:6:"height";i:800;s:5:"width";i:561;}s:3:"img";s:19:"17906-49d4a00cee5b0";}}','2009-04-02 15:22:53','2009-04-02 15:22:53'),
	('152','1','',NULL,NULL,NULL,'a:1:{s:3:"img";a:6:{s:2:"sq";a:2:{s:6:"height";s:2:"75";s:5:"width";s:2:"75";}s:3:"thm";a:2:{s:6:"height";i:75;s:5:"width";s:3:"100";}s:3:"sml";a:2:{s:6:"height";i:180;s:5:"width";s:3:"240";}s:2:"md";a:2:{s:6:"height";d:472.5;s:5:"width";s:3:"630";}s:3:"lrg";a:2:{s:6:"height";i:600;s:5:"width";i:800;}s:3:"img";s:19:"15226-49d4a02ac8e56";}}','2009-04-02 15:23:23','2009-04-02 15:23:23'),
	('153','1','',NULL,NULL,NULL,'a:1:{s:3:"img";a:6:{s:2:"sq";a:2:{s:6:"height";s:2:"75";s:5:"width";s:2:"75";}s:3:"thm";a:2:{s:6:"height";d:75.375;s:5:"width";s:3:"100";}s:3:"sml";a:2:{s:6:"height";d:180.900000000000005684341886080801486968994140625;s:5:"width";s:3:"240";}s:2:"md";a:2:{s:6:"height";d:474.86250000000001136868377216160297393798828125;s:5:"width";s:3:"630";}s:3:"lrg";a:2:{s:6:"height";i:603;s:5:"width";i:800;}s:3:"img";s:19:"50981-49d4a045e6d59";}}','2009-04-02 15:23:50','2009-04-02 15:23:50'),
	('154','1','',NULL,NULL,NULL,'a:1:{s:3:"img";a:6:{s:2:"sq";a:2:{s:6:"height";s:2:"75";s:5:"width";s:2:"75";}s:3:"thm";a:2:{s:6:"height";i:75;s:5:"width";s:3:"100";}s:3:"sml";a:2:{s:6:"height";i:180;s:5:"width";s:3:"240";}s:2:"md";a:2:{s:6:"height";d:472.5;s:5:"width";s:3:"630";}s:3:"lrg";a:2:{s:6:"height";i:600;s:5:"width";i:800;}s:3:"img";s:19:"32945-49d4a2afc56b4";}}','2009-04-02 15:34:08','2009-04-02 15:34:08'),
	('155','1','',NULL,NULL,NULL,'a:1:{s:3:"img";a:6:{s:2:"sq";a:2:{s:6:"height";s:2:"75";s:5:"width";s:2:"75";}s:3:"thm";a:2:{s:6:"height";i:75;s:5:"width";s:3:"100";}s:3:"sml";a:2:{s:6:"height";i:180;s:5:"width";s:3:"240";}s:2:"md";a:2:{s:6:"height";d:472.5;s:5:"width";s:3:"630";}s:3:"lrg";a:2:{s:6:"height";i:600;s:5:"width";i:800;}s:3:"img";s:19:"13017-49d4a4800a54a";}}','2009-04-02 15:41:52','2009-04-02 15:41:52'),
	('156','1','',NULL,NULL,NULL,'a:1:{s:3:"img";a:6:{s:2:"sq";a:2:{s:6:"height";s:2:"75";s:5:"width";s:2:"75";}s:3:"thm";a:2:{s:6:"height";s:3:"100";s:5:"width";d:91.125;}s:3:"sml";a:2:{s:6:"height";s:3:"240";s:5:"width";d:218.69999999999998863131622783839702606201171875;}s:2:"md";a:2:{s:6:"height";s:3:"630";s:5:"width";d:574.0874999999999772626324556767940521240234375;}s:3:"lrg";a:2:{s:6:"height";i:800;s:5:"width";i:729;}s:3:"img";s:19:"67291-49d4a4902ddb7";}}','2009-04-02 15:42:09','2009-04-02 15:42:09'),
	('157','1','',NULL,NULL,NULL,'a:1:{s:3:"img";a:6:{s:2:"sq";a:2:{s:6:"height";s:2:"75";s:5:"width";s:2:"75";}s:3:"thm";a:2:{s:6:"height";d:75.375;s:5:"width";s:3:"100";}s:3:"sml";a:2:{s:6:"height";d:180.900000000000005684341886080801486968994140625;s:5:"width";s:3:"240";}s:2:"md";a:2:{s:6:"height";d:474.86250000000001136868377216160297393798828125;s:5:"width";s:3:"630";}s:3:"lrg";a:2:{s:6:"height";i:603;s:5:"width";i:800;}s:3:"img";s:19:"74925-49d4a4cf53a7f";}}','2009-04-02 15:43:12','2009-04-02 15:43:12'),
	('158','1','',NULL,NULL,NULL,'a:1:{s:3:"img";a:6:{s:2:"sq";a:2:{s:6:"height";s:2:"75";s:5:"width";s:2:"75";}s:3:"thm";a:2:{s:6:"height";d:75.375;s:5:"width";s:3:"100";}s:3:"sml";a:2:{s:6:"height";d:180.900000000000005684341886080801486968994140625;s:5:"width";s:3:"240";}s:2:"md";a:2:{s:6:"height";d:474.86250000000001136868377216160297393798828125;s:5:"width";s:3:"630";}s:3:"lrg";a:2:{s:6:"height";i:603;s:5:"width";i:800;}s:3:"img";s:19:"16856-49d4a4dce3219";}}','2009-04-02 15:43:25','2009-04-02 15:43:25'),
	('159','1','',NULL,NULL,NULL,'a:1:{s:3:"img";a:6:{s:2:"sq";a:2:{s:6:"height";s:2:"75";s:5:"width";s:2:"75";}s:3:"thm";a:2:{s:6:"height";i:75;s:5:"width";s:3:"100";}s:3:"sml";a:2:{s:6:"height";i:180;s:5:"width";s:3:"240";}s:2:"md";a:2:{s:6:"height";d:472.5;s:5:"width";s:3:"630";}s:3:"lrg";a:2:{s:6:"height";i:600;s:5:"width";i:800;}s:3:"img";s:19:"91194-49d4a4e526298";}}','2009-04-02 15:43:34','2009-04-02 15:43:34'),
	('160','1','',NULL,NULL,NULL,'a:1:{s:3:"img";a:6:{s:2:"sq";a:2:{s:6:"height";s:2:"75";s:5:"width";s:2:"75";}s:3:"thm";a:2:{s:6:"height";d:28.840579710144925940085158799774944782257080078125;s:5:"width";s:3:"100";}s:3:"sml";a:2:{s:6:"height";d:69.2173913043478279405462672002613544464111328125;s:5:"width";s:3:"240";}s:2:"md";a:2:{s:6:"height";d:181.695652173913032356722396798431873321533203125;s:5:"width";s:3:"630";}s:3:"lrg";a:2:{s:6:"height";d:295.32753623188403935273527167737483978271484375;s:5:"width";s:4:"1024";}s:3:"img";s:19:"80914-49d4a4ed3d412";}}','2009-04-02 15:43:42','2009-04-02 15:43:42'),
	('161','1','',NULL,NULL,NULL,'a:1:{s:3:"img";a:6:{s:2:"sq";a:2:{s:6:"height";s:2:"75";s:5:"width";s:2:"75";}s:3:"thm";a:2:{s:6:"height";i:75;s:5:"width";s:3:"100";}s:3:"sml";a:2:{s:6:"height";i:180;s:5:"width";s:3:"240";}s:2:"md";a:2:{s:6:"height";d:472.5;s:5:"width";s:3:"630";}s:3:"lrg";a:2:{s:6:"height";i:600;s:5:"width";i:800;}s:3:"img";s:19:"70591-49d4a504997f3";}}','2009-04-02 15:44:05','2009-04-02 15:44:05'),
	('162','1','',NULL,NULL,NULL,'a:1:{s:3:"img";a:6:{s:2:"sq";a:2:{s:6:"height";s:2:"75";s:5:"width";s:2:"75";}s:3:"thm";a:2:{s:6:"height";d:75.375;s:5:"width";s:3:"100";}s:3:"sml";a:2:{s:6:"height";d:180.900000000000005684341886080801486968994140625;s:5:"width";s:3:"240";}s:2:"md";a:2:{s:6:"height";d:474.86250000000001136868377216160297393798828125;s:5:"width";s:3:"630";}s:3:"lrg";a:2:{s:6:"height";i:603;s:5:"width";i:800;}s:3:"img";s:19:"57096-49d4a5fc3f75a";}}','2009-04-02 15:48:13','2009-04-02 15:48:13'),
	('163','1','',NULL,NULL,NULL,'a:1:{s:3:"img";a:6:{s:2:"sq";a:2:{s:6:"height";s:2:"75";s:5:"width";s:2:"75";}s:3:"thm";a:2:{s:6:"height";i:75;s:5:"width";s:3:"100";}s:3:"sml";a:2:{s:6:"height";i:180;s:5:"width";s:3:"240";}s:2:"md";a:2:{s:6:"height";d:472.5;s:5:"width";s:3:"630";}s:3:"lrg";a:2:{s:6:"height";i:600;s:5:"width";i:800;}s:3:"img";s:19:"73500-49d4a61f6d06c";}}','2009-04-02 15:48:48','2009-04-02 15:48:48'),
	('164','1','',NULL,NULL,NULL,'a:1:{s:3:"img";a:6:{s:2:"sq";a:2:{s:6:"height";s:2:"75";s:5:"width";s:2:"75";}s:3:"thm";a:2:{s:6:"height";d:66.5;s:5:"width";s:3:"100";}s:3:"sml";a:2:{s:6:"height";d:159.599999999999994315658113919198513031005859375;s:5:"width";s:3:"240";}s:2:"md";a:2:{s:6:"height";d:418.94999999999998863131622783839702606201171875;s:5:"width";s:3:"630";}s:3:"lrg";a:2:{s:6:"height";i:532;s:5:"width";i:800;}s:3:"img";s:19:"49129-49d4a68b36fdd";}}','2009-04-02 15:50:35','2009-04-02 15:50:35'),
	('165','1','',NULL,NULL,NULL,'a:1:{s:3:"img";a:6:{s:2:"sq";a:2:{s:6:"height";s:2:"75";s:5:"width";s:2:"75";}s:3:"thm";a:2:{s:6:"height";d:66.5;s:5:"width";s:3:"100";}s:3:"sml";a:2:{s:6:"height";d:159.599999999999994315658113919198513031005859375;s:5:"width";s:3:"240";}s:2:"md";a:2:{s:6:"height";d:418.94999999999998863131622783839702606201171875;s:5:"width";s:3:"630";}s:3:"lrg";a:2:{s:6:"height";i:532;s:5:"width";i:800;}s:3:"img";s:19:"67721-49d4a6a4d642e";}}','2009-04-02 15:51:01','2009-04-02 15:51:01'),
	('166','1','',NULL,NULL,NULL,'a:1:{s:3:"img";a:6:{s:2:"sq";a:2:{s:6:"height";s:2:"75";s:5:"width";s:2:"75";}s:3:"thm";a:2:{s:6:"height";s:3:"100";s:5:"width";d:91.125;}s:3:"sml";a:2:{s:6:"height";s:3:"240";s:5:"width";d:218.69999999999998863131622783839702606201171875;}s:2:"md";a:2:{s:6:"height";s:3:"630";s:5:"width";d:574.0874999999999772626324556767940521240234375;}s:3:"lrg";a:2:{s:6:"height";i:800;s:5:"width";i:729;}s:3:"img";s:19:"33422-49d4a6af8c106";}}','2009-04-02 15:51:12','2009-04-02 15:51:12'),
	('167','7','',NULL,NULL,NULL,'a:1:{s:3:"img";a:6:{s:2:"sq";a:2:{s:6:"height";s:2:"75";s:5:"width";s:2:"75";}s:3:"thm";a:2:{s:6:"height";s:3:"100";s:5:"width";d:70.125;}s:3:"sml";a:2:{s:6:"height";s:3:"240";s:5:"width";d:168.30000000000001136868377216160297393798828125;}s:2:"md";a:2:{s:6:"height";s:3:"630";s:5:"width";d:441.7875000000000227373675443232059478759765625;}s:3:"lrg";a:2:{s:6:"height";i:800;s:5:"width";i:561;}s:3:"img";s:19:"52703-49d4c3c01dd2b";}}','2009-04-02 17:55:12','2009-04-02 17:55:12'),
	('168','7','',NULL,NULL,NULL,'a:1:{s:3:"img";a:6:{s:2:"sq";a:2:{s:6:"height";s:2:"75";s:5:"width";s:2:"75";}s:3:"thm";a:2:{s:6:"height";s:3:"100";s:5:"width";d:91.125;}s:3:"sml";a:2:{s:6:"height";s:3:"240";s:5:"width";d:218.69999999999998863131622783839702606201171875;}s:2:"md";a:2:{s:6:"height";s:3:"630";s:5:"width";d:574.0874999999999772626324556767940521240234375;}s:3:"lrg";a:2:{s:6:"height";i:800;s:5:"width";i:729;}s:3:"img";s:19:"40764-49d4c3d1282f2";}}','2009-04-02 17:55:30','2009-04-02 17:55:30'),
	('169','7','',NULL,NULL,NULL,'a:1:{s:3:"img";a:6:{s:2:"sq";a:2:{s:6:"height";s:2:"75";s:5:"width";s:2:"75";}s:3:"thm";a:2:{s:6:"height";s:3:"100";s:5:"width";d:91.125;}s:3:"sml";a:2:{s:6:"height";s:3:"240";s:5:"width";d:218.69999999999998863131622783839702606201171875;}s:2:"md";a:2:{s:6:"height";s:3:"630";s:5:"width";d:574.0874999999999772626324556767940521240234375;}s:3:"lrg";a:2:{s:6:"height";i:800;s:5:"width";i:729;}s:3:"img";s:19:"67629-49d4c3e8c2d1a";}}','2009-04-02 17:55:53','2009-04-02 17:55:53'),
	('170','7','',NULL,NULL,NULL,'a:1:{s:3:"img";a:6:{s:2:"sq";a:2:{s:6:"height";s:2:"75";s:5:"width";s:2:"75";}s:3:"thm";a:2:{s:6:"height";i:75;s:5:"width";s:3:"100";}s:3:"sml";a:2:{s:6:"height";i:180;s:5:"width";s:3:"240";}s:2:"md";a:2:{s:6:"height";d:472.5;s:5:"width";s:3:"630";}s:3:"lrg";a:2:{s:6:"height";i:600;s:5:"width";i:800;}s:3:"img";s:19:"15160-49d4c3f266a28";}}','2009-04-02 17:56:03','2009-04-02 17:56:03'),
	('171','7','',NULL,NULL,NULL,'a:1:{s:3:"img";a:6:{s:2:"sq";a:2:{s:6:"height";s:2:"75";s:5:"width";s:2:"75";}s:3:"thm";a:2:{s:6:"height";d:66.22222222222222853815765120089054107666015625;s:5:"width";s:3:"100";}s:3:"sml";a:2:{s:6:"height";d:158.93333333333333712289459072053432464599609375;s:5:"width";s:3:"240";}s:2:"md";a:2:{s:6:"height";d:417.19999999999998863131622783839702606201171875;s:5:"width";s:3:"630";}s:3:"lrg";a:2:{s:6:"height";i:596;s:5:"width";i:900;}s:3:"img";s:19:"83796-49d4c3fcd6833";}}','2009-04-02 17:56:13','2009-04-02 17:56:13'),
	('172','7','',NULL,NULL,NULL,'a:1:{s:3:"img";a:6:{s:2:"sq";a:2:{s:6:"height";s:2:"75";s:5:"width";s:2:"75";}s:3:"thm";a:2:{s:6:"height";s:3:"100";s:5:"width";i:75;}s:3:"sml";a:2:{s:6:"height";s:3:"240";s:5:"width";i:180;}s:2:"md";a:2:{s:6:"height";s:3:"630";s:5:"width";d:472.5;}s:3:"lrg";a:2:{s:6:"height";i:800;s:5:"width";i:600;}s:3:"img";s:19:"94939-49d4c40dce6f3";}}','2009-04-02 17:56:30','2009-04-02 17:56:30'),
	('173','7','',NULL,NULL,NULL,'a:1:{s:3:"img";a:6:{s:2:"sq";a:2:{s:6:"height";s:2:"75";s:5:"width";s:2:"75";}s:3:"thm";a:2:{s:6:"height";s:3:"100";s:5:"width";d:91.125;}s:3:"sml";a:2:{s:6:"height";s:3:"240";s:5:"width";d:218.69999999999998863131622783839702606201171875;}s:2:"md";a:2:{s:6:"height";s:3:"630";s:5:"width";d:574.0874999999999772626324556767940521240234375;}s:3:"lrg";a:2:{s:6:"height";i:800;s:5:"width";i:729;}s:3:"img";s:19:"29277-49d4c47236527";}}','2009-04-02 17:58:11','2009-04-02 17:58:11'),
	('174','7','',NULL,NULL,NULL,'a:1:{s:3:"img";a:6:{s:2:"sq";a:2:{s:6:"height";s:2:"75";s:5:"width";s:2:"75";}s:3:"thm";a:2:{s:6:"height";i:80;s:5:"width";s:3:"100";}s:3:"sml";a:2:{s:6:"height";i:192;s:5:"width";s:3:"240";}s:2:"md";a:2:{s:6:"height";i:504;s:5:"width";s:3:"630";}s:3:"lrg";a:2:{s:6:"height";i:640;s:5:"width";i:800;}s:3:"img";s:19:"10159-49d4c47b4c9f0";}}','2009-04-02 17:58:20','2009-04-02 17:58:20'),
	('175','7','',NULL,NULL,NULL,'a:1:{s:3:"img";a:6:{s:2:"sq";a:2:{s:6:"height";s:2:"75";s:5:"width";s:2:"75";}s:3:"thm";a:2:{s:6:"height";d:75.25;s:5:"width";s:3:"100";}s:3:"sml";a:2:{s:6:"height";d:180.599999999999994315658113919198513031005859375;s:5:"width";s:3:"240";}s:2:"md";a:2:{s:6:"height";d:474.07499999999998863131622783839702606201171875;s:5:"width";s:3:"630";}s:3:"lrg";a:2:{s:6:"height";i:602;s:5:"width";i:800;}s:3:"img";s:19:"12761-49d4c4866163b";}}','2009-04-02 17:58:31','2009-04-02 17:58:31'),
	('176','7','',NULL,NULL,NULL,'a:1:{s:3:"img";a:6:{s:2:"sq";a:2:{s:6:"height";s:2:"75";s:5:"width";s:2:"75";}s:3:"thm";a:2:{s:6:"height";d:66.22222222222222853815765120089054107666015625;s:5:"width";s:3:"100";}s:3:"sml";a:2:{s:6:"height";d:158.93333333333333712289459072053432464599609375;s:5:"width";s:3:"240";}s:2:"md";a:2:{s:6:"height";d:417.19999999999998863131622783839702606201171875;s:5:"width";s:3:"630";}s:3:"lrg";a:2:{s:6:"height";i:596;s:5:"width";i:900;}s:3:"img";s:19:"92801-49d4c493cf07d";}}','2009-04-02 17:58:44','2009-04-02 17:58:44'),
	('177','7','',NULL,NULL,NULL,'a:1:{s:3:"img";a:6:{s:2:"sq";a:2:{s:6:"height";s:2:"75";s:5:"width";s:2:"75";}s:3:"thm";a:2:{s:6:"height";i:75;s:5:"width";s:3:"100";}s:3:"sml";a:2:{s:6:"height";i:180;s:5:"width";s:3:"240";}s:2:"md";a:2:{s:6:"height";d:472.5;s:5:"width";s:3:"630";}s:3:"lrg";a:2:{s:6:"height";i:600;s:5:"width";i:800;}s:3:"img";s:19:"79966-49d4c528a8e96";}}','2009-04-02 18:01:13','2009-04-02 18:01:13'),
	('178','7','',NULL,NULL,NULL,'a:1:{s:3:"img";a:6:{s:2:"sq";a:2:{s:6:"height";s:2:"75";s:5:"width";s:2:"75";}s:3:"thm";a:2:{s:6:"height";s:3:"100";s:5:"width";i:75;}s:3:"sml";a:2:{s:6:"height";s:3:"240";s:5:"width";i:180;}s:2:"md";a:2:{s:6:"height";s:3:"630";s:5:"width";d:472.5;}s:3:"lrg";a:2:{s:6:"height";i:800;s:5:"width";i:600;}s:3:"img";s:19:"27726-49d4c676cf9bf";}}','2009-04-02 18:06:47','2009-04-02 18:06:47'),
	('179','7','',NULL,NULL,NULL,'a:1:{s:3:"img";a:6:{s:2:"sq";a:2:{s:6:"height";s:2:"75";s:5:"width";s:2:"75";}s:3:"thm";a:2:{s:6:"height";d:66.625;s:5:"width";s:3:"100";}s:3:"sml";a:2:{s:6:"height";d:159.900000000000005684341886080801486968994140625;s:5:"width";s:3:"240";}s:2:"md";a:2:{s:6:"height";d:419.73750000000001136868377216160297393798828125;s:5:"width";s:3:"630";}s:3:"lrg";a:2:{s:6:"height";i:533;s:5:"width";i:800;}s:3:"img";s:19:"43829-49d4c8aa4d8bf";}}','2009-04-02 18:16:11','2009-04-02 18:16:11'),
	('180','7','',NULL,NULL,NULL,'a:1:{s:3:"img";a:6:{s:2:"sq";a:2:{s:6:"height";s:2:"75";s:5:"width";s:2:"75";}s:3:"thm";a:2:{s:6:"height";s:3:"100";s:5:"width";i:75;}s:3:"sml";a:2:{s:6:"height";s:3:"240";s:5:"width";i:180;}s:2:"md";a:2:{s:6:"height";s:3:"630";s:5:"width";d:472.5;}s:3:"lrg";a:2:{s:6:"height";i:800;s:5:"width";i:600;}s:3:"img";s:19:"98447-49d4c8f0f413a";}}','2009-04-02 18:17:21','2009-04-02 18:17:21'),
	('181','7','',NULL,NULL,NULL,'a:1:{s:3:"img";a:6:{s:2:"sq";a:2:{s:6:"height";s:2:"75";s:5:"width";s:2:"75";}s:3:"thm";a:2:{s:6:"height";s:3:"100";s:5:"width";i:75;}s:3:"sml";a:2:{s:6:"height";s:3:"240";s:5:"width";i:180;}s:2:"md";a:2:{s:6:"height";s:3:"630";s:5:"width";d:472.5;}s:3:"lrg";a:2:{s:6:"height";i:800;s:5:"width";i:600;}s:3:"img";s:19:"43992-49d4d2cce5aa3";}}','2009-04-02 18:59:25','2009-04-02 18:59:25'),
	('182','7','',NULL,NULL,NULL,'a:1:{s:3:"img";a:6:{s:2:"sq";a:2:{s:6:"height";s:2:"75";s:5:"width";s:2:"75";}s:3:"thm";a:2:{s:6:"height";s:3:"100";s:5:"width";d:70.125;}s:3:"sml";a:2:{s:6:"height";s:3:"240";s:5:"width";d:168.30000000000001136868377216160297393798828125;}s:2:"md";a:2:{s:6:"height";s:3:"630";s:5:"width";d:441.7875000000000227373675443232059478759765625;}s:3:"lrg";a:2:{s:6:"height";i:800;s:5:"width";i:561;}s:3:"img";s:19:"45631-49d4d2d51d278";}}','2009-04-02 18:59:33','2009-04-02 18:59:33'),
	('183','7','',NULL,NULL,NULL,'a:1:{s:3:"img";a:6:{s:2:"sq";a:2:{s:6:"height";s:2:"75";s:5:"width";s:2:"75";}s:3:"thm";a:2:{s:6:"height";i:80;s:5:"width";s:3:"100";}s:3:"sml";a:2:{s:6:"height";i:192;s:5:"width";s:3:"240";}s:2:"md";a:2:{s:6:"height";i:504;s:5:"width";s:3:"630";}s:3:"lrg";a:2:{s:6:"height";i:640;s:5:"width";i:800;}s:3:"img";s:19:"23654-49d4d2e10c6f5";}}','2009-04-02 18:59:45','2009-04-02 18:59:45'),
	('184','1','',NULL,NULL,NULL,'a:1:{s:3:"img";a:6:{s:2:"sq";a:2:{s:6:"height";s:2:"75";s:5:"width";s:2:"75";}s:3:"thm";a:2:{s:6:"height";i:75;s:5:"width";s:3:"100";}s:3:"sml";a:2:{s:6:"height";i:180;s:5:"width";s:3:"240";}s:2:"md";a:2:{s:6:"height";d:472.5;s:5:"width";s:3:"630";}s:3:"lrg";a:2:{s:6:"height";i:600;s:5:"width";i:800;}s:3:"img";s:19:"60669-49d4d748bd371";}}','2009-04-02 19:18:33','2009-04-02 19:18:33'),
	('185','7','',NULL,NULL,NULL,'a:1:{s:3:"img";a:6:{s:2:"sq";a:2:{s:6:"height";s:2:"75";s:5:"width";s:2:"75";}s:3:"thm";a:2:{s:6:"height";i:75;s:5:"width";s:3:"100";}s:3:"sml";a:2:{s:6:"height";i:180;s:5:"width";s:3:"240";}s:2:"md";a:2:{s:6:"height";d:472.5;s:5:"width";s:3:"630";}s:3:"lrg";a:2:{s:6:"height";i:600;s:5:"width";i:800;}s:3:"img";s:19:"17531-49d4d77bad697";}}','2009-04-02 19:19:24','2009-04-02 19:19:24'),
	('186','7','',NULL,NULL,NULL,'a:1:{s:3:"img";a:6:{s:2:"sq";a:2:{s:6:"height";s:2:"75";s:5:"width";s:2:"75";}s:3:"thm";a:2:{s:6:"height";s:3:"100";s:5:"width";d:75.4545454545454532535586622543632984161376953125;}s:3:"sml";a:2:{s:6:"height";s:3:"100";s:5:"width";d:75.4545454545454532535586622543632984161376953125;}s:2:"md";a:2:{s:6:"height";s:3:"100";s:5:"width";d:75.4545454545454532535586622543632984161376953125;}s:3:"lrg";a:2:{s:6:"height";i:110;s:5:"width";i:83;}s:3:"img";s:19:"13684-49d4d78ba18cd";}}','2009-04-02 19:19:39','2009-04-02 19:19:39'),
	('187','7','',NULL,NULL,NULL,'a:1:{s:3:"img";a:6:{s:2:"sq";a:2:{s:6:"height";s:2:"75";s:5:"width";s:2:"75";}s:3:"thm";a:2:{s:6:"height";s:3:"100";s:5:"width";i:75;}s:3:"sml";a:2:{s:6:"height";s:3:"240";s:5:"width";i:180;}s:2:"md";a:2:{s:6:"height";s:3:"630";s:5:"width";d:472.5;}s:3:"lrg";a:2:{s:6:"height";i:800;s:5:"width";i:600;}s:3:"img";s:19:"86526-49d4d79f1894f";}}','2009-04-02 19:19:59','2009-04-02 19:19:59'),
	('188','7','',NULL,NULL,NULL,'a:1:{s:3:"img";a:6:{s:2:"sq";a:2:{s:6:"height";s:2:"75";s:5:"width";s:2:"75";}s:3:"thm";a:2:{s:6:"height";i:75;s:5:"width";s:3:"100";}s:3:"sml";a:2:{s:6:"height";i:180;s:5:"width";s:3:"240";}s:2:"md";a:2:{s:6:"height";d:472.5;s:5:"width";s:3:"630";}s:3:"lrg";a:2:{s:6:"height";i:600;s:5:"width";i:800;}s:3:"img";s:19:"25104-49d4d8ca4cade";}}','2009-04-02 19:24:59','2009-04-02 19:24:59'),
	('189','7','',NULL,NULL,NULL,'a:1:{s:3:"img";a:6:{s:2:"sq";a:2:{s:6:"height";s:2:"75";s:5:"width";s:2:"75";}s:3:"thm";a:2:{s:6:"height";i:75;s:5:"width";s:3:"100";}s:3:"sml";a:2:{s:6:"height";i:180;s:5:"width";s:3:"240";}s:2:"md";a:2:{s:6:"height";d:472.5;s:5:"width";s:3:"630";}s:3:"lrg";a:2:{s:6:"height";i:600;s:5:"width";i:800;}s:3:"img";s:19:"16318-49d4e167774d8";}}','2009-04-02 20:01:44','2009-04-02 20:01:44'),
	('190','7','',NULL,NULL,NULL,'a:1:{s:3:"img";a:6:{s:2:"sq";a:2:{s:6:"height";s:2:"75";s:5:"width";s:2:"75";}s:3:"thm";a:2:{s:6:"height";s:3:"100";s:5:"width";d:70.125;}s:3:"sml";a:2:{s:6:"height";s:3:"240";s:5:"width";d:168.30000000000001136868377216160297393798828125;}s:2:"md";a:2:{s:6:"height";s:3:"630";s:5:"width";d:441.7875000000000227373675443232059478759765625;}s:3:"lrg";a:2:{s:6:"height";i:800;s:5:"width";i:561;}s:3:"img";s:19:"80244-49d4e34ecc278";}}','2009-04-02 20:09:51','2009-04-02 20:09:51'),
	('191','7','',NULL,NULL,NULL,'a:1:{s:3:"img";a:6:{s:2:"sq";a:2:{s:6:"height";s:2:"75";s:5:"width";s:2:"75";}s:3:"thm";a:2:{s:6:"height";i:70;s:5:"width";s:3:"100";}s:3:"sml";a:2:{s:6:"height";i:168;s:5:"width";s:3:"240";}s:2:"md";a:2:{s:6:"height";i:441;s:5:"width";s:3:"630";}s:3:"lrg";a:2:{s:6:"height";i:560;s:5:"width";i:800;}s:3:"img";s:19:"24892-49d4e36cedc09";}}','2009-04-02 20:10:21','2009-04-02 20:10:21'),
	('192','1','',NULL,NULL,NULL,'a:1:{s:3:"img";a:6:{s:2:"sq";a:2:{s:6:"height";s:2:"75";s:5:"width";s:2:"75";}s:3:"thm";a:2:{s:6:"height";i:75;s:5:"width";s:3:"100";}s:3:"sml";a:2:{s:6:"height";i:180;s:5:"width";s:3:"240";}s:2:"md";a:2:{s:6:"height";d:472.5;s:5:"width";s:3:"630";}s:3:"lrg";a:2:{s:6:"height";i:600;s:5:"width";i:800;}s:3:"img";s:19:"20565-49d4ebd9e8018";}}','2009-04-02 20:46:18','2009-04-02 20:46:18'),
	('193','1','',NULL,NULL,NULL,'a:1:{s:3:"img";a:6:{s:2:"sq";a:2:{s:6:"height";s:2:"75";s:5:"width";s:2:"75";}s:3:"thm";a:2:{s:6:"height";s:3:"100";s:5:"width";d:66.625;}s:3:"sml";a:2:{s:6:"height";s:3:"240";s:5:"width";d:159.900000000000005684341886080801486968994140625;}s:2:"md";a:2:{s:6:"height";s:3:"630";s:5:"width";d:419.73750000000001136868377216160297393798828125;}s:3:"lrg";a:2:{s:6:"height";i:800;s:5:"width";i:533;}s:3:"img";s:19:"21029-49d4ec5b11841";}}','2009-04-02 20:48:27','2009-04-02 20:48:27'),
	('194','7','',NULL,NULL,NULL,'a:1:{s:3:"img";a:6:{s:2:"sq";a:2:{s:6:"height";s:2:"75";s:5:"width";s:2:"75";}s:3:"thm";a:2:{s:6:"height";i:75;s:5:"width";s:3:"100";}s:3:"sml";a:2:{s:6:"height";i:180;s:5:"width";s:3:"240";}s:2:"md";a:2:{s:6:"height";d:472.5;s:5:"width";s:3:"630";}s:3:"lrg";a:2:{s:6:"height";i:600;s:5:"width";i:800;}s:3:"img";s:19:"26575-49d4ed831d81b";}}','2009-04-02 20:53:23','2009-04-02 20:53:23'),
	('195','7','',NULL,NULL,NULL,'a:1:{s:3:"img";a:6:{s:2:"sq";a:2:{s:6:"height";s:2:"75";s:5:"width";s:2:"75";}s:3:"thm";a:2:{s:6:"height";i:75;s:5:"width";s:3:"100";}s:3:"sml";a:2:{s:6:"height";i:180;s:5:"width";s:3:"240";}s:2:"md";a:2:{s:6:"height";d:472.5;s:5:"width";s:3:"630";}s:3:"lrg";a:2:{s:6:"height";i:600;s:5:"width";i:800;}s:3:"img";s:19:"79617-49d4f3042f98f";}}','2009-04-02 21:16:53','2009-04-02 21:16:53'),
	('196','7','',NULL,NULL,NULL,'a:1:{s:3:"img";a:6:{s:2:"sq";a:2:{s:6:"height";s:2:"75";s:5:"width";s:2:"75";}s:3:"thm";a:2:{s:6:"height";d:75.375;s:5:"width";s:3:"100";}s:3:"sml";a:2:{s:6:"height";d:180.900000000000005684341886080801486968994140625;s:5:"width";s:3:"240";}s:2:"md";a:2:{s:6:"height";d:474.86250000000001136868377216160297393798828125;s:5:"width";s:3:"630";}s:3:"lrg";a:2:{s:6:"height";i:603;s:5:"width";i:800;}s:3:"img";s:19:"50433-49d4f35731ae6";}}','2009-04-02 21:18:16','2009-04-02 21:18:16'),
	('197','7','',NULL,NULL,NULL,'a:1:{s:3:"img";a:6:{s:2:"sq";a:2:{s:6:"height";s:2:"75";s:5:"width";s:2:"75";}s:3:"thm";a:2:{s:6:"height";i:75;s:5:"width";s:3:"100";}s:3:"sml";a:2:{s:6:"height";i:180;s:5:"width";s:3:"240";}s:2:"md";a:2:{s:6:"height";d:472.5;s:5:"width";s:3:"630";}s:3:"lrg";a:2:{s:6:"height";i:600;s:5:"width";i:800;}s:3:"img";s:19:"84206-49d4f3742e5d2";}}','2009-04-02 21:18:45','2009-04-02 21:18:45'),
	('198','1','',NULL,NULL,NULL,'a:1:{s:3:"img";a:6:{s:2:"sq";a:2:{s:6:"height";s:2:"75";s:5:"width";s:2:"75";}s:3:"thm";a:2:{s:6:"height";i:75;s:5:"width";s:3:"100";}s:3:"sml";a:2:{s:6:"height";i:180;s:5:"width";s:3:"240";}s:2:"md";a:2:{s:6:"height";d:472.5;s:5:"width";s:3:"630";}s:3:"lrg";a:2:{s:6:"height";i:600;s:5:"width";i:800;}s:3:"img";s:19:"54619-49d4f3a7ee4a7";}}','2009-04-02 21:19:36','2009-04-02 21:19:36'),
	('199','7','',NULL,NULL,NULL,'a:1:{s:3:"img";a:6:{s:2:"sq";a:2:{s:6:"height";s:2:"75";s:5:"width";s:2:"75";}s:3:"thm";a:2:{s:6:"height";d:66.5;s:5:"width";s:3:"100";}s:3:"sml";a:2:{s:6:"height";d:159.599999999999994315658113919198513031005859375;s:5:"width";s:3:"240";}s:2:"md";a:2:{s:6:"height";d:418.94999999999998863131622783839702606201171875;s:5:"width";s:3:"630";}s:3:"lrg";a:2:{s:6:"height";i:532;s:5:"width";i:800;}s:3:"img";s:19:"23076-49d4f3dfb3d3c";}}','2009-04-02 21:20:32','2009-04-02 21:20:32'),
	('200','1','',NULL,NULL,NULL,'a:1:{s:3:"img";a:6:{s:2:"sq";a:2:{s:6:"height";s:2:"75";s:5:"width";s:2:"75";}s:3:"thm";a:2:{s:6:"height";i:75;s:5:"width";s:3:"100";}s:3:"sml";a:2:{s:6:"height";i:180;s:5:"width";s:3:"240";}s:2:"md";a:2:{s:6:"height";d:472.5;s:5:"width";s:3:"630";}s:3:"lrg";a:2:{s:6:"height";i:600;s:5:"width";i:800;}s:3:"img";s:19:"68794-49d4f56bbc44e";}}','2009-04-02 21:27:08','2009-04-02 21:27:08'),
	('201','7','',NULL,NULL,NULL,'a:1:{s:3:"img";a:6:{s:2:"sq";a:2:{s:6:"height";s:2:"75";s:5:"width";s:2:"75";}s:3:"thm";a:2:{s:6:"height";i:75;s:5:"width";s:3:"100";}s:3:"sml";a:2:{s:6:"height";i:180;s:5:"width";s:3:"240";}s:2:"md";a:2:{s:6:"height";d:472.5;s:5:"width";s:3:"630";}s:3:"lrg";a:2:{s:6:"height";i:600;s:5:"width";i:800;}s:3:"img";s:19:"60517-49d4f6b0a4682";}}','2009-04-02 21:32:33','2009-04-02 21:32:33'),
	('202','1','',NULL,NULL,NULL,'a:1:{s:3:"img";a:6:{s:2:"sq";a:2:{s:6:"height";s:2:"75";s:5:"width";s:2:"75";}s:3:"thm";a:2:{s:6:"height";i:75;s:5:"width";s:3:"100";}s:3:"sml";a:2:{s:6:"height";i:180;s:5:"width";s:3:"240";}s:2:"md";a:2:{s:6:"height";d:472.5;s:5:"width";s:3:"630";}s:3:"lrg";a:2:{s:6:"height";i:600;s:5:"width";i:800;}s:3:"img";s:19:"76878-49d4f70d7dcbb";}}','2009-04-02 21:34:06','2009-04-02 21:34:06'),
	('203','1','',NULL,NULL,NULL,'a:1:{s:3:"img";a:6:{s:2:"sq";a:2:{s:6:"height";s:2:"75";s:5:"width";s:2:"75";}s:3:"thm";a:2:{s:6:"height";i:75;s:5:"width";s:3:"100";}s:3:"sml";a:2:{s:6:"height";i:180;s:5:"width";s:3:"240";}s:2:"md";a:2:{s:6:"height";d:472.5;s:5:"width";s:3:"630";}s:3:"lrg";a:2:{s:6:"height";i:600;s:5:"width";i:800;}s:3:"img";s:19:"23136-49d4f9badf97a";}}','2009-04-02 21:45:31','2009-04-02 21:45:31'),
	('204','1','',NULL,NULL,NULL,'a:1:{s:3:"img";a:6:{s:2:"sq";a:2:{s:6:"height";s:2:"75";s:5:"width";s:2:"75";}s:3:"thm";a:2:{s:6:"height";i:75;s:5:"width";s:3:"100";}s:3:"sml";a:2:{s:6:"height";i:180;s:5:"width";s:3:"240";}s:2:"md";a:2:{s:6:"height";d:472.5;s:5:"width";s:3:"630";}s:3:"lrg";a:2:{s:6:"height";i:600;s:5:"width";i:800;}s:3:"img";s:19:"88356-49d4f9f918ff8";}}','2009-04-02 21:46:33','2009-04-02 21:46:33'),
	('205','1','',NULL,NULL,NULL,'a:1:{s:3:"img";a:6:{s:2:"sq";a:2:{s:6:"height";s:2:"75";s:5:"width";s:2:"75";}s:3:"thm";a:2:{s:6:"height";i:75;s:5:"width";s:3:"100";}s:3:"sml";a:2:{s:6:"height";i:180;s:5:"width";s:3:"240";}s:2:"md";a:2:{s:6:"height";d:472.5;s:5:"width";s:3:"630";}s:3:"lrg";a:2:{s:6:"height";i:600;s:5:"width";i:800;}s:3:"img";s:19:"39681-49d4fa2f2df98";}}','2009-04-02 21:47:28','2009-04-02 21:47:28'),
	('206','1','',NULL,NULL,NULL,'a:1:{s:3:"img";a:6:{s:2:"sq";a:2:{s:6:"height";s:2:"75";s:5:"width";s:2:"75";}s:3:"thm";a:2:{s:6:"height";s:3:"100";s:5:"width";d:70.125;}s:3:"sml";a:2:{s:6:"height";s:3:"240";s:5:"width";d:168.30000000000001136868377216160297393798828125;}s:2:"md";a:2:{s:6:"height";s:3:"630";s:5:"width";d:441.7875000000000227373675443232059478759765625;}s:3:"lrg";a:2:{s:6:"height";i:800;s:5:"width";i:561;}s:3:"img";s:19:"60096-49d4fa51ecb3b";}}','2009-04-02 21:48:02','2009-04-02 21:48:02'),
	('207','1','',NULL,NULL,NULL,'a:1:{s:3:"img";a:6:{s:2:"sq";a:2:{s:6:"height";s:2:"75";s:5:"width";s:2:"75";}s:3:"thm";a:2:{s:6:"height";i:75;s:5:"width";s:3:"100";}s:3:"sml";a:2:{s:6:"height";i:180;s:5:"width";s:3:"240";}s:2:"md";a:2:{s:6:"height";d:472.5;s:5:"width";s:3:"630";}s:3:"lrg";a:2:{s:6:"height";i:600;s:5:"width";i:800;}s:3:"img";s:19:"62898-49d4fab22b761";}}','2009-04-02 21:49:39','2009-04-02 21:49:39'),
	('208','7','',NULL,NULL,NULL,'a:1:{s:3:"img";a:6:{s:2:"sq";a:2:{s:6:"height";s:2:"75";s:5:"width";s:2:"75";}s:3:"thm";a:2:{s:6:"height";s:3:"100";s:5:"width";d:37.29508196721311463761594495736062526702880859375;}s:3:"sml";a:2:{s:6:"height";s:3:"240";s:5:"width";d:89.5081967213114779724492109380662441253662109375;}s:2:"md";a:2:{s:6:"height";s:3:"240";s:5:"width";d:89.5081967213114779724492109380662441253662109375;}s:3:"lrg";a:2:{s:6:"height";i:244;s:5:"width";i:91;}s:3:"img";s:19:"96096-49d4fb3493376";}}','2009-04-02 21:51:48','2009-04-02 21:51:48'),
	('209','7','',NULL,NULL,NULL,'a:1:{s:3:"img";a:6:{s:2:"sq";a:2:{s:6:"height";s:2:"75";s:5:"width";s:2:"75";}s:3:"thm";a:2:{s:6:"height";s:3:"100";s:5:"width";i:75;}s:3:"sml";a:2:{s:6:"height";s:3:"240";s:5:"width";i:180;}s:2:"md";a:2:{s:6:"height";s:3:"630";s:5:"width";d:472.5;}s:3:"lrg";a:2:{s:6:"height";i:800;s:5:"width";i:600;}s:3:"img";s:19:"71711-49d4fb40da7e0";}}','2009-04-02 21:52:01','2009-04-02 21:52:01'),
	('210','1','',NULL,NULL,NULL,'a:1:{s:3:"img";a:6:{s:2:"sq";a:2:{s:6:"height";s:2:"75";s:5:"width";s:2:"75";}s:3:"thm";a:2:{s:6:"height";s:3:"100";s:5:"width";d:66.625;}s:3:"sml";a:2:{s:6:"height";s:3:"240";s:5:"width";d:159.900000000000005684341886080801486968994140625;}s:2:"md";a:2:{s:6:"height";s:3:"630";s:5:"width";d:419.73750000000001136868377216160297393798828125;}s:3:"lrg";a:2:{s:6:"height";i:800;s:5:"width";i:533;}s:3:"img";s:19:"45359-49d4fb535e50d";}}','2009-04-02 21:52:20','2009-04-02 21:52:20'),
	('211','1','',NULL,NULL,NULL,'a:1:{s:3:"img";a:6:{s:2:"sq";a:2:{s:6:"height";s:2:"75";s:5:"width";s:2:"75";}s:3:"thm";a:2:{s:6:"height";s:3:"100";s:5:"width";i:75;}s:3:"sml";a:2:{s:6:"height";s:3:"240";s:5:"width";i:180;}s:2:"md";a:2:{s:6:"height";s:3:"630";s:5:"width";d:472.5;}s:3:"lrg";a:2:{s:6:"height";i:800;s:5:"width";i:600;}s:3:"img";s:19:"10373-49d4fbaa34c20";}}','2009-04-02 21:53:47','2009-04-02 21:53:47'),
	('212','1','',NULL,NULL,NULL,'a:1:{s:3:"img";a:6:{s:2:"sq";a:2:{s:6:"height";s:2:"75";s:5:"width";s:2:"75";}s:3:"thm";a:2:{s:6:"height";d:76.25;s:5:"width";s:3:"100";}s:3:"sml";a:2:{s:6:"height";i:183;s:5:"width";s:3:"240";}s:2:"md";a:2:{s:6:"height";d:480.375;s:5:"width";s:3:"630";}s:3:"lrg";a:2:{s:6:"height";i:610;s:5:"width";i:800;}s:3:"img";s:19:"28454-49d4fbe205889";}}','2009-04-02 21:54:42','2009-04-02 21:54:42'),
	('213','1','',NULL,NULL,NULL,'a:1:{s:3:"img";a:6:{s:2:"sq";a:2:{s:6:"height";s:2:"75";s:5:"width";s:2:"75";}s:3:"thm";a:2:{s:6:"height";d:72.25;s:5:"width";s:3:"100";}s:3:"sml";a:2:{s:6:"height";d:173.400000000000005684341886080801486968994140625;s:5:"width";s:3:"240";}s:2:"md";a:2:{s:6:"height";d:455.17500000000001136868377216160297393798828125;s:5:"width";s:3:"630";}s:3:"lrg";a:2:{s:6:"height";i:578;s:5:"width";i:800;}s:3:"img";s:19:"12610-49d4fc110bf46";}}','2009-04-02 21:55:29','2009-04-02 21:55:29'),
	('214','1','',NULL,NULL,NULL,'a:1:{s:3:"img";a:6:{s:2:"sq";a:2:{s:6:"height";s:2:"75";s:5:"width";s:2:"75";}s:3:"thm";a:2:{s:6:"height";i:75;s:5:"width";s:3:"100";}s:3:"sml";a:2:{s:6:"height";i:180;s:5:"width";s:3:"240";}s:2:"md";a:2:{s:6:"height";d:472.5;s:5:"width";s:3:"630";}s:3:"lrg";a:2:{s:6:"height";i:600;s:5:"width";i:800;}s:3:"img";s:19:"78094-49d4fc34f2f03";}}','2009-04-02 21:56:05','2009-04-02 21:56:05'),
	('215','7','',NULL,NULL,NULL,'a:1:{s:3:"img";a:6:{s:2:"sq";a:2:{s:6:"height";s:2:"75";s:5:"width";s:2:"75";}s:3:"thm";a:2:{s:6:"height";d:66.75;s:5:"width";s:3:"100";}s:3:"sml";a:2:{s:6:"height";d:160.19999999999998863131622783839702606201171875;s:5:"width";s:3:"240";}s:2:"md";a:2:{s:6:"height";d:420.5249999999999772626324556767940521240234375;s:5:"width";s:3:"630";}s:3:"lrg";a:2:{s:6:"height";i:534;s:5:"width";i:800;}s:3:"img";s:19:"56740-49d5da705dabb";}}','2009-04-03 13:44:17','2009-04-03 13:44:17'),
	('216','7','',NULL,NULL,NULL,'a:1:{s:3:"img";a:6:{s:2:"sq";a:2:{s:6:"height";s:2:"75";s:5:"width";s:2:"75";}s:3:"thm";a:2:{s:6:"height";i:75;s:5:"width";s:3:"100";}s:3:"sml";a:2:{s:6:"height";i:180;s:5:"width";s:3:"240";}s:2:"md";a:2:{s:6:"height";d:472.5;s:5:"width";s:3:"630";}s:3:"lrg";a:2:{s:6:"height";i:600;s:5:"width";i:800;}s:3:"img";s:19:"18231-49d5da81e1d8c";}}','2009-04-03 13:44:34','2009-04-03 13:44:34'),
	('217','7','',NULL,NULL,NULL,'a:1:{s:3:"img";a:6:{s:2:"sq";a:2:{s:6:"height";s:2:"75";s:5:"width";s:2:"75";}s:3:"thm";a:2:{s:6:"height";d:76.25;s:5:"width";s:3:"100";}s:3:"sml";a:2:{s:6:"height";i:183;s:5:"width";s:3:"240";}s:2:"md";a:2:{s:6:"height";d:480.375;s:5:"width";s:3:"630";}s:3:"lrg";a:2:{s:6:"height";i:610;s:5:"width";i:800;}s:3:"img";s:19:"34407-49d5da96c81cb";}}','2009-04-03 13:44:55','2009-04-03 13:44:55'),
	('218','7','',NULL,NULL,NULL,'a:1:{s:3:"img";a:6:{s:2:"sq";a:2:{s:6:"height";s:2:"75";s:5:"width";s:2:"75";}s:3:"thm";a:2:{s:6:"height";s:3:"100";s:5:"width";d:70.125;}s:3:"sml";a:2:{s:6:"height";s:3:"240";s:5:"width";d:168.30000000000001136868377216160297393798828125;}s:2:"md";a:2:{s:6:"height";s:3:"630";s:5:"width";d:441.7875000000000227373675443232059478759765625;}s:3:"lrg";a:2:{s:6:"height";i:800;s:5:"width";i:561;}s:3:"img";s:19:"61202-49d5dab88621a";}}','2009-04-03 13:45:29','2009-04-03 13:45:29'),
	('219','7','',NULL,NULL,NULL,'a:1:{s:3:"img";a:6:{s:2:"sq";a:2:{s:6:"height";s:2:"75";s:5:"width";s:2:"75";}s:3:"thm";a:2:{s:6:"height";s:3:"100";s:5:"width";d:66.625;}s:3:"sml";a:2:{s:6:"height";s:3:"240";s:5:"width";d:159.900000000000005684341886080801486968994140625;}s:2:"md";a:2:{s:6:"height";s:3:"630";s:5:"width";d:419.73750000000001136868377216160297393798828125;}s:3:"lrg";a:2:{s:6:"height";i:800;s:5:"width";i:533;}s:3:"img";s:19:"41418-49d5daffa4501";}}','2009-04-03 13:46:40','2009-04-03 13:46:40'),
	('220','7','',NULL,NULL,NULL,'a:1:{s:3:"img";a:6:{s:2:"sq";a:2:{s:6:"height";s:2:"75";s:5:"width";s:2:"75";}s:3:"thm";a:2:{s:6:"height";d:66.22222222222222853815765120089054107666015625;s:5:"width";s:3:"100";}s:3:"sml";a:2:{s:6:"height";d:158.93333333333333712289459072053432464599609375;s:5:"width";s:3:"240";}s:2:"md";a:2:{s:6:"height";d:417.19999999999998863131622783839702606201171875;s:5:"width";s:3:"630";}s:3:"lrg";a:2:{s:6:"height";i:596;s:5:"width";i:900;}s:3:"img";s:19:"75237-49d5db5a46d23";}}','2009-04-03 13:48:11','2009-04-03 13:48:11'),
	('221','7','',NULL,NULL,NULL,'a:1:{s:3:"img";a:6:{s:2:"sq";a:2:{s:6:"height";s:2:"75";s:5:"width";s:2:"75";}s:3:"thm";a:2:{s:6:"height";s:3:"100";s:5:"width";d:91.125;}s:3:"sml";a:2:{s:6:"height";s:3:"240";s:5:"width";d:218.69999999999998863131622783839702606201171875;}s:2:"md";a:2:{s:6:"height";s:3:"630";s:5:"width";d:574.0874999999999772626324556767940521240234375;}s:3:"lrg";a:2:{s:6:"height";i:800;s:5:"width";i:729;}s:3:"img";s:19:"38983-49d5db6bdd344";}}','2009-04-03 13:48:28','2009-04-03 13:48:28'),
	('222','7','',NULL,NULL,NULL,'a:1:{s:3:"img";a:6:{s:2:"sq";a:2:{s:6:"height";s:2:"75";s:5:"width";s:2:"75";}s:3:"thm";a:2:{s:6:"height";s:3:"100";s:5:"width";d:70.125;}s:3:"sml";a:2:{s:6:"height";s:3:"240";s:5:"width";d:168.30000000000001136868377216160297393798828125;}s:2:"md";a:2:{s:6:"height";s:3:"630";s:5:"width";d:441.7875000000000227373675443232059478759765625;}s:3:"lrg";a:2:{s:6:"height";i:800;s:5:"width";i:561;}s:3:"img";s:19:"46092-49d5dbb94541b";}}','2009-04-03 13:49:46','2009-04-03 13:49:46'),
	('223','7','',NULL,NULL,NULL,'a:1:{s:3:"img";a:6:{s:2:"sq";a:2:{s:6:"height";s:2:"75";s:5:"width";s:2:"75";}s:3:"thm";a:2:{s:6:"height";i:75;s:5:"width";s:3:"100";}s:3:"sml";a:2:{s:6:"height";i:180;s:5:"width";s:3:"240";}s:2:"md";a:2:{s:6:"height";d:472.5;s:5:"width";s:3:"630";}s:3:"lrg";a:2:{s:6:"height";i:600;s:5:"width";i:800;}s:3:"img";s:19:"15745-49d5dbe05ed2e";}}','2009-04-03 13:50:25','2009-04-03 13:50:25'),
	('224','7','',NULL,NULL,NULL,'a:1:{s:3:"img";a:6:{s:2:"sq";a:2:{s:6:"height";s:2:"75";s:5:"width";s:2:"75";}s:3:"thm";a:2:{s:6:"height";s:3:"100";s:5:"width";i:75;}s:3:"sml";a:2:{s:6:"height";s:3:"240";s:5:"width";i:180;}s:2:"md";a:2:{s:6:"height";s:3:"630";s:5:"width";d:472.5;}s:3:"lrg";a:2:{s:6:"height";i:800;s:5:"width";i:600;}s:3:"img";s:19:"11087-49d5dc46a800d";}}','2009-04-03 13:52:07','2009-04-03 13:52:07'),
	('225','7','',NULL,NULL,NULL,'a:1:{s:3:"img";a:6:{s:2:"sq";a:2:{s:6:"height";s:2:"75";s:5:"width";s:2:"75";}s:3:"thm";a:2:{s:6:"height";i:80;s:5:"width";s:3:"100";}s:3:"sml";a:2:{s:6:"height";i:192;s:5:"width";s:3:"240";}s:2:"md";a:2:{s:6:"height";i:504;s:5:"width";s:3:"630";}s:3:"lrg";a:2:{s:6:"height";i:640;s:5:"width";i:800;}s:3:"img";s:19:"43860-49d5dc6bdd6f5";}}','2009-04-03 13:52:44','2009-04-03 13:52:44'),
	('226','7','',NULL,NULL,NULL,'a:1:{s:3:"img";a:6:{s:2:"sq";a:2:{s:6:"height";s:2:"75";s:5:"width";s:2:"75";}s:3:"thm";a:2:{s:6:"height";s:3:"100";s:5:"width";d:66.599999999999994315658113919198513031005859375;}s:3:"sml";a:2:{s:6:"height";s:3:"240";s:5:"width";d:159.840000000000003410605131648480892181396484375;}s:2:"md";a:2:{s:6:"height";s:3:"240";s:5:"width";d:159.840000000000003410605131648480892181396484375;}s:3:"lrg";a:2:{s:6:"height";i:500;s:5:"width";i:333;}s:3:"img";s:19:"86904-49d5dc86269e8";}}','2009-04-03 13:53:10','2009-04-03 13:53:10'),
	('227','7','',NULL,NULL,NULL,'a:1:{s:3:"img";a:6:{s:2:"sq";a:2:{s:6:"height";s:2:"75";s:5:"width";s:2:"75";}s:3:"thm";a:2:{s:6:"height";s:3:"100";s:5:"width";i:75;}s:3:"sml";a:2:{s:6:"height";s:3:"240";s:5:"width";i:180;}s:2:"md";a:2:{s:6:"height";s:3:"630";s:5:"width";d:472.5;}s:3:"lrg";a:2:{s:6:"height";i:800;s:5:"width";i:600;}s:3:"img";s:19:"89312-49d5dcaf64681";}}','2009-04-03 13:53:52','2009-04-03 13:53:52'),
	('228','7','',NULL,NULL,NULL,'a:1:{s:3:"img";a:6:{s:2:"sq";a:2:{s:6:"height";s:2:"75";s:5:"width";s:2:"75";}s:3:"thm";a:2:{s:6:"height";s:3:"100";s:5:"width";d:70.125;}s:3:"sml";a:2:{s:6:"height";s:3:"240";s:5:"width";d:168.30000000000001136868377216160297393798828125;}s:2:"md";a:2:{s:6:"height";s:3:"630";s:5:"width";d:441.7875000000000227373675443232059478759765625;}s:3:"lrg";a:2:{s:6:"height";i:800;s:5:"width";i:561;}s:3:"img";s:19:"49340-49d5dd7e71748";}}','2009-04-03 13:57:19','2009-04-03 13:57:19'),
	('229','7','',NULL,NULL,NULL,'a:1:{s:3:"img";a:6:{s:2:"sq";a:2:{s:6:"height";s:2:"75";s:5:"width";s:2:"75";}s:3:"thm";a:2:{s:6:"height";i:75;s:5:"width";s:3:"100";}s:3:"sml";a:2:{s:6:"height";i:180;s:5:"width";s:3:"240";}s:2:"md";a:2:{s:6:"height";d:472.5;s:5:"width";s:3:"630";}s:3:"lrg";a:2:{s:6:"height";i:600;s:5:"width";i:800;}s:3:"img";s:19:"99166-49d5dd93daea5";}}','2009-04-03 13:57:40','2009-04-03 13:57:40'),
	('230','7','',NULL,NULL,NULL,'a:1:{s:3:"img";a:6:{s:2:"sq";a:2:{s:6:"height";s:2:"75";s:5:"width";s:2:"75";}s:3:"thm";a:2:{s:6:"height";s:3:"100";s:5:"width";d:70.125;}s:3:"sml";a:2:{s:6:"height";s:3:"240";s:5:"width";d:168.30000000000001136868377216160297393798828125;}s:2:"md";a:2:{s:6:"height";s:3:"630";s:5:"width";d:441.7875000000000227373675443232059478759765625;}s:3:"lrg";a:2:{s:6:"height";i:800;s:5:"width";i:561;}s:3:"img";s:19:"19509-49d5de97461b7";}}','2009-04-03 14:02:00','2009-04-03 14:02:00'),
	('231','7','',NULL,NULL,NULL,'a:1:{s:3:"img";a:6:{s:2:"sq";a:2:{s:6:"height";s:2:"75";s:5:"width";s:2:"75";}s:3:"thm";a:2:{s:6:"height";i:75;s:5:"width";s:3:"100";}s:3:"sml";a:2:{s:6:"height";i:180;s:5:"width";s:3:"240";}s:2:"md";a:2:{s:6:"height";d:472.5;s:5:"width";s:3:"630";}s:3:"lrg";a:2:{s:6:"height";i:600;s:5:"width";i:800;}s:3:"img";s:19:"80808-49d5def034e5f";}}','2009-04-03 14:03:29','2009-04-03 14:03:29'),
	('232','7','',NULL,NULL,NULL,'a:1:{s:3:"img";a:6:{s:2:"sq";a:2:{s:6:"height";s:2:"75";s:5:"width";s:2:"75";}s:3:"thm";a:2:{s:6:"height";i:80;s:5:"width";s:3:"100";}s:3:"sml";a:2:{s:6:"height";i:192;s:5:"width";s:3:"240";}s:2:"md";a:2:{s:6:"height";i:504;s:5:"width";s:3:"630";}s:3:"lrg";a:2:{s:6:"height";i:640;s:5:"width";i:800;}s:3:"img";s:19:"48956-49d5df040c94c";}}','2009-04-03 14:03:48','2009-04-03 14:03:48'),
	('233','7','',NULL,NULL,NULL,'a:1:{s:3:"img";a:6:{s:2:"sq";a:2:{s:6:"height";s:2:"75";s:5:"width";s:2:"75";}s:3:"thm";a:2:{s:6:"height";i:75;s:5:"width";s:3:"100";}s:3:"sml";a:2:{s:6:"height";i:180;s:5:"width";s:3:"240";}s:2:"md";a:2:{s:6:"height";d:472.5;s:5:"width";s:3:"630";}s:3:"lrg";a:2:{s:6:"height";i:600;s:5:"width";i:800;}s:3:"img";s:19:"36519-49d6044439733";}}','2009-04-03 16:42:45','2009-04-03 16:42:45'),
	('234','7','',NULL,NULL,NULL,'a:1:{s:3:"img";a:6:{s:2:"sq";a:2:{s:6:"height";s:2:"75";s:5:"width";s:2:"75";}s:3:"thm";a:2:{s:6:"height";s:3:"100";s:5:"width";i:75;}s:3:"sml";a:2:{s:6:"height";s:3:"240";s:5:"width";i:180;}s:2:"md";a:2:{s:6:"height";s:3:"630";s:5:"width";d:472.5;}s:3:"lrg";a:2:{s:6:"height";i:800;s:5:"width";i:600;}s:3:"img";s:19:"65821-49d6108e4106d";}}','2009-04-03 17:35:11','2009-04-03 17:35:11'),
	('235','7','',NULL,NULL,NULL,'a:1:{s:3:"img";a:6:{s:2:"sq";a:2:{s:6:"height";s:2:"75";s:5:"width";s:2:"75";}s:3:"thm";a:2:{s:6:"height";i:75;s:5:"width";s:3:"100";}s:3:"sml";a:2:{s:6:"height";i:180;s:5:"width";s:3:"240";}s:2:"md";a:2:{s:6:"height";d:472.5;s:5:"width";s:3:"630";}s:3:"lrg";a:2:{s:6:"height";i:600;s:5:"width";i:800;}s:3:"img";s:19:"52990-49d6109887e58";}}','2009-04-03 17:35:21','2009-04-03 17:35:21'),
	('236','7','',NULL,NULL,NULL,'a:1:{s:3:"img";a:6:{s:2:"sq";a:2:{s:6:"height";s:2:"75";s:5:"width";s:2:"75";}s:3:"thm";a:2:{s:6:"height";d:66.5;s:5:"width";s:3:"100";}s:3:"sml";a:2:{s:6:"height";d:159.599999999999994315658113919198513031005859375;s:5:"width";s:3:"240";}s:2:"md";a:2:{s:6:"height";d:418.94999999999998863131622783839702606201171875;s:5:"width";s:3:"630";}s:3:"lrg";a:2:{s:6:"height";i:532;s:5:"width";i:800;}s:3:"img";s:19:"26726-49d610b7e5402";}}','2009-04-03 17:35:52','2009-04-03 17:35:52'),
	('237','7','',NULL,NULL,NULL,'a:1:{s:3:"img";a:6:{s:2:"sq";a:2:{s:6:"height";s:2:"75";s:5:"width";s:2:"75";}s:3:"thm";a:2:{s:6:"height";i:75;s:5:"width";s:3:"100";}s:3:"sml";a:2:{s:6:"height";i:180;s:5:"width";s:3:"240";}s:2:"md";a:2:{s:6:"height";d:472.5;s:5:"width";s:3:"630";}s:3:"lrg";a:2:{s:6:"height";i:600;s:5:"width";i:800;}s:3:"img";s:19:"89374-49d611dcacd3e";}}','2009-04-03 17:40:45','2009-04-03 17:40:45'),
	('238','7','',NULL,NULL,NULL,'a:1:{s:3:"img";a:6:{s:2:"sq";a:2:{s:6:"height";s:2:"75";s:5:"width";s:2:"75";}s:3:"thm";a:2:{s:6:"height";s:3:"100";s:5:"width";d:75.4545454545454532535586622543632984161376953125;}s:3:"sml";a:2:{s:6:"height";s:3:"100";s:5:"width";d:75.4545454545454532535586622543632984161376953125;}s:2:"md";a:2:{s:6:"height";s:3:"100";s:5:"width";d:75.4545454545454532535586622543632984161376953125;}s:3:"lrg";a:2:{s:6:"height";i:110;s:5:"width";i:83;}s:3:"img";s:19:"86123-49d61c2ece086";}}','2009-04-03 18:24:46','2009-04-03 18:24:46'),
	('239','7','',NULL,NULL,NULL,'a:1:{s:3:"img";a:6:{s:2:"sq";a:2:{s:6:"height";s:2:"75";s:5:"width";s:2:"75";}s:3:"thm";a:2:{s:6:"height";i:70;s:5:"width";s:3:"100";}s:3:"sml";a:2:{s:6:"height";i:168;s:5:"width";s:3:"240";}s:2:"md";a:2:{s:6:"height";i:441;s:5:"width";s:3:"630";}s:3:"lrg";a:2:{s:6:"height";i:560;s:5:"width";i:800;}s:3:"img";s:19:"50271-49d61c3545de0";}}','2009-04-03 18:24:54','2009-04-03 18:24:54'),
	('240','7','',NULL,NULL,NULL,'a:1:{s:3:"img";a:6:{s:2:"sq";a:2:{s:6:"height";s:2:"75";s:5:"width";s:2:"75";}s:3:"thm";a:2:{s:6:"height";i:75;s:5:"width";s:3:"100";}s:3:"sml";a:2:{s:6:"height";i:180;s:5:"width";s:3:"240";}s:2:"md";a:2:{s:6:"height";d:472.5;s:5:"width";s:3:"630";}s:3:"lrg";a:2:{s:6:"height";i:600;s:5:"width";i:800;}s:3:"img";s:19:"61277-49d61c43f1cb3";}}','2009-04-03 18:25:08','2009-04-03 18:25:08'),
	('241','7','',NULL,NULL,NULL,'a:1:{s:3:"img";a:6:{s:2:"sq";a:2:{s:6:"height";s:2:"75";s:5:"width";s:2:"75";}s:3:"thm";a:2:{s:6:"height";s:3:"100";s:5:"width";i:75;}s:3:"sml";a:2:{s:6:"height";s:3:"240";s:5:"width";i:180;}s:2:"md";a:2:{s:6:"height";s:3:"630";s:5:"width";d:472.5;}s:3:"lrg";a:2:{s:6:"height";i:800;s:5:"width";i:600;}s:3:"img";s:19:"43632-49d625c9d79a3";}}','2009-04-03 19:05:46','2009-04-03 19:05:46'),
	('242','7','',NULL,NULL,NULL,'a:1:{s:3:"img";a:6:{s:2:"sq";a:2:{s:6:"height";s:2:"75";s:5:"width";s:2:"75";}s:3:"thm";a:2:{s:6:"height";d:66.22222222222222853815765120089054107666015625;s:5:"width";s:3:"100";}s:3:"sml";a:2:{s:6:"height";d:158.93333333333333712289459072053432464599609375;s:5:"width";s:3:"240";}s:2:"md";a:2:{s:6:"height";d:417.19999999999998863131622783839702606201171875;s:5:"width";s:3:"630";}s:3:"lrg";a:2:{s:6:"height";i:596;s:5:"width";i:900;}s:3:"img";s:19:"26799-49d628d7a4ef5";}}','2009-04-03 19:18:48','2009-04-03 19:18:48'),
	('243','7','',NULL,NULL,NULL,'a:1:{s:3:"img";a:6:{s:2:"sq";a:2:{s:6:"height";s:2:"75";s:5:"width";s:2:"75";}s:3:"thm";a:2:{s:6:"height";s:3:"100";s:5:"width";i:75;}s:3:"sml";a:2:{s:6:"height";s:3:"240";s:5:"width";i:180;}s:2:"md";a:2:{s:6:"height";s:3:"630";s:5:"width";d:472.5;}s:3:"lrg";a:2:{s:6:"height";i:800;s:5:"width";i:600;}s:3:"img";s:19:"39650-49d62934b097c";}}','2009-04-03 19:20:21','2009-04-03 19:20:21'),
	('244','7','',NULL,NULL,NULL,'a:1:{s:3:"img";a:6:{s:2:"sq";a:2:{s:6:"height";s:2:"75";s:5:"width";s:2:"75";}s:3:"thm";a:2:{s:6:"height";s:3:"100";s:5:"width";d:70.125;}s:3:"sml";a:2:{s:6:"height";s:3:"240";s:5:"width";d:168.30000000000001136868377216160297393798828125;}s:2:"md";a:2:{s:6:"height";s:3:"630";s:5:"width";d:441.7875000000000227373675443232059478759765625;}s:3:"lrg";a:2:{s:6:"height";i:800;s:5:"width";i:561;}s:3:"img";s:19:"94432-49d62e07ada39";}}','2009-04-03 19:40:56','2009-04-03 19:40:56'),
	('245','7','',NULL,NULL,NULL,'a:1:{s:3:"img";a:6:{s:2:"sq";a:2:{s:6:"height";s:2:"75";s:5:"width";s:2:"75";}s:3:"thm";a:2:{s:6:"height";i:75;s:5:"width";s:3:"100";}s:3:"sml";a:2:{s:6:"height";i:180;s:5:"width";s:3:"240";}s:2:"md";a:2:{s:6:"height";d:472.5;s:5:"width";s:3:"630";}s:3:"lrg";a:2:{s:6:"height";i:600;s:5:"width";i:800;}s:3:"img";s:19:"92836-49d62efd0a7de";}}','2009-04-03 19:45:01','2009-04-03 19:45:01'),
	('246','7','',NULL,NULL,NULL,'a:1:{s:3:"img";a:6:{s:2:"sq";a:2:{s:6:"height";s:2:"75";s:5:"width";s:2:"75";}s:3:"thm";a:2:{s:6:"height";i:75;s:5:"width";s:3:"100";}s:3:"sml";a:2:{s:6:"height";i:180;s:5:"width";s:3:"240";}s:2:"md";a:2:{s:6:"height";d:472.5;s:5:"width";s:3:"630";}s:3:"lrg";a:2:{s:6:"height";i:600;s:5:"width";i:800;}s:3:"img";s:19:"55027-49d62f6e61952";}}','2009-04-03 19:46:55','2009-04-03 19:46:55'),
	('247','7','',NULL,NULL,NULL,'a:1:{s:3:"img";a:6:{s:2:"sq";a:2:{s:6:"height";s:2:"75";s:5:"width";s:2:"75";}s:3:"thm";a:2:{s:6:"height";i:84;s:5:"width";s:3:"100";}s:3:"sml";a:2:{s:6:"height";d:201.599999999999994315658113919198513031005859375;s:5:"width";s:3:"240";}s:2:"md";a:2:{s:6:"height";d:529.200000000000045474735088646411895751953125;s:5:"width";s:3:"630";}s:3:"lrg";a:2:{s:6:"height";i:672;s:5:"width";i:800;}s:3:"img";s:19:"65462-49d630138908d";}}','2009-04-03 19:49:40','2009-04-03 19:49:40'),
	('248','7','',NULL,NULL,NULL,'a:1:{s:3:"img";a:6:{s:2:"sq";a:2:{s:6:"height";s:2:"75";s:5:"width";s:2:"75";}s:3:"thm";a:2:{s:6:"height";i:75;s:5:"width";s:3:"100";}s:3:"sml";a:2:{s:6:"height";i:180;s:5:"width";s:3:"240";}s:2:"md";a:2:{s:6:"height";d:472.5;s:5:"width";s:3:"630";}s:3:"lrg";a:2:{s:6:"height";i:600;s:5:"width";i:800;}s:3:"img";s:19:"88790-49d6307f02a2e";}}','2009-04-03 19:51:27','2009-04-03 19:51:27'),
	('249','7','',NULL,NULL,NULL,'a:1:{s:3:"img";a:6:{s:2:"sq";a:2:{s:6:"height";s:2:"75";s:5:"width";s:2:"75";}s:3:"thm";a:2:{s:6:"height";d:66.5;s:5:"width";s:3:"100";}s:3:"sml";a:2:{s:6:"height";d:159.599999999999994315658113919198513031005859375;s:5:"width";s:3:"240";}s:2:"md";a:2:{s:6:"height";d:418.94999999999998863131622783839702606201171875;s:5:"width";s:3:"630";}s:3:"lrg";a:2:{s:6:"height";i:532;s:5:"width";i:800;}s:3:"img";s:19:"49999-49d6316556084";}}','2009-04-03 19:55:18','2009-04-03 19:55:18'),
	('250','7','',NULL,NULL,NULL,'a:1:{s:3:"img";a:6:{s:2:"sq";a:2:{s:6:"height";s:2:"75";s:5:"width";s:2:"75";}s:3:"thm";a:2:{s:6:"height";d:66.75;s:5:"width";s:3:"100";}s:3:"sml";a:2:{s:6:"height";d:160.19999999999998863131622783839702606201171875;s:5:"width";s:3:"240";}s:2:"md";a:2:{s:6:"height";d:420.5249999999999772626324556767940521240234375;s:5:"width";s:3:"630";}s:3:"lrg";a:2:{s:6:"height";i:534;s:5:"width";i:800;}s:3:"img";s:19:"91751-49d633247f223";}}','2009-04-03 20:02:45','2009-04-03 20:02:45'),
	('251','7','',NULL,NULL,NULL,'a:1:{s:3:"img";a:6:{s:2:"sq";a:2:{s:6:"height";s:2:"75";s:5:"width";s:2:"75";}s:3:"thm";a:2:{s:6:"height";i:80;s:5:"width";s:3:"100";}s:3:"sml";a:2:{s:6:"height";i:192;s:5:"width";s:3:"240";}s:2:"md";a:2:{s:6:"height";i:504;s:5:"width";s:3:"630";}s:3:"lrg";a:2:{s:6:"height";i:640;s:5:"width";i:800;}s:3:"img";s:19:"30701-49d6336e377f7";}}','2009-04-03 20:03:59','2009-04-03 20:03:59'),
	('252','7','',NULL,NULL,NULL,'a:1:{s:3:"img";a:6:{s:2:"sq";a:2:{s:6:"height";s:2:"75";s:5:"width";s:2:"75";}s:3:"thm";a:2:{s:6:"height";i:80;s:5:"width";s:3:"100";}s:3:"sml";a:2:{s:6:"height";i:192;s:5:"width";s:3:"240";}s:2:"md";a:2:{s:6:"height";i:504;s:5:"width";s:3:"630";}s:3:"lrg";a:2:{s:6:"height";i:640;s:5:"width";i:800;}s:3:"img";s:19:"17689-49d633acb12ad";}}','2009-04-03 20:05:01','2009-04-03 20:05:01'),
	('253','7','',NULL,NULL,NULL,'a:1:{s:3:"img";a:6:{s:2:"sq";a:2:{s:6:"height";s:2:"75";s:5:"width";s:2:"75";}s:3:"thm";a:2:{s:6:"height";i:70;s:5:"width";s:3:"100";}s:3:"sml";a:2:{s:6:"height";i:168;s:5:"width";s:3:"240";}s:2:"md";a:2:{s:6:"height";i:441;s:5:"width";s:3:"630";}s:3:"lrg";a:2:{s:6:"height";i:560;s:5:"width";i:800;}s:3:"img";s:19:"33455-49d633d48a44a";}}','2009-04-03 20:05:41','2009-04-03 20:05:41'),
	('254','7','',NULL,NULL,NULL,'a:1:{s:3:"img";a:6:{s:2:"sq";a:2:{s:6:"height";s:2:"75";s:5:"width";s:2:"75";}s:3:"thm";a:2:{s:6:"height";d:75.375;s:5:"width";s:3:"100";}s:3:"sml";a:2:{s:6:"height";d:180.900000000000005684341886080801486968994140625;s:5:"width";s:3:"240";}s:2:"md";a:2:{s:6:"height";d:474.86250000000001136868377216160297393798828125;s:5:"width";s:3:"630";}s:3:"lrg";a:2:{s:6:"height";i:603;s:5:"width";i:800;}s:3:"img";s:19:"66288-49d6340ab1366";}}','2009-04-03 20:06:35','2009-04-03 20:06:35'),
	('255','7','',NULL,NULL,NULL,'a:1:{s:3:"img";a:6:{s:2:"sq";a:2:{s:6:"height";s:2:"75";s:5:"width";s:2:"75";}s:3:"thm";a:2:{s:6:"height";s:3:"100";s:5:"width";d:70.125;}s:3:"sml";a:2:{s:6:"height";s:3:"240";s:5:"width";d:168.30000000000001136868377216160297393798828125;}s:2:"md";a:2:{s:6:"height";s:3:"630";s:5:"width";d:441.7875000000000227373675443232059478759765625;}s:3:"lrg";a:2:{s:6:"height";i:800;s:5:"width";i:561;}s:3:"img";s:19:"30551-49d6347682bb8";}}','2009-04-03 20:08:23','2009-04-03 20:08:23'),
	('256','7','',NULL,NULL,NULL,'a:1:{s:3:"img";a:6:{s:2:"sq";a:2:{s:6:"height";s:2:"75";s:5:"width";s:2:"75";}s:3:"thm";a:2:{s:6:"height";d:66.22222222222222853815765120089054107666015625;s:5:"width";s:3:"100";}s:3:"sml";a:2:{s:6:"height";d:158.93333333333333712289459072053432464599609375;s:5:"width";s:3:"240";}s:2:"md";a:2:{s:6:"height";d:417.19999999999998863131622783839702606201171875;s:5:"width";s:3:"630";}s:3:"lrg";a:2:{s:6:"height";i:596;s:5:"width";i:900;}s:3:"img";s:19:"86209-49d6355f110c8";}}','2009-04-03 20:12:15','2009-04-03 20:12:15'),
	('257','7','',NULL,NULL,NULL,'a:1:{s:3:"img";a:6:{s:2:"sq";a:2:{s:6:"height";s:2:"75";s:5:"width";s:2:"75";}s:3:"thm";a:2:{s:6:"height";i:70;s:5:"width";s:3:"100";}s:3:"sml";a:2:{s:6:"height";i:168;s:5:"width";s:3:"240";}s:2:"md";a:2:{s:6:"height";i:441;s:5:"width";s:3:"630";}s:3:"lrg";a:2:{s:6:"height";i:560;s:5:"width";i:800;}s:3:"img";s:19:"39743-49d637aee658f";}}','2009-04-03 20:22:07','2009-04-03 20:22:07'),
	('258','7','',NULL,NULL,NULL,'a:1:{s:3:"img";a:6:{s:2:"sq";a:2:{s:6:"height";s:2:"75";s:5:"width";s:2:"75";}s:3:"thm";a:2:{s:6:"height";s:3:"100";s:5:"width";d:70.125;}s:3:"sml";a:2:{s:6:"height";s:3:"240";s:5:"width";d:168.30000000000001136868377216160297393798828125;}s:2:"md";a:2:{s:6:"height";s:3:"630";s:5:"width";d:441.7875000000000227373675443232059478759765625;}s:3:"lrg";a:2:{s:6:"height";i:800;s:5:"width";i:561;}s:3:"img";s:19:"42461-49d63bb8194d2";}}','2009-04-03 20:39:20','2009-04-03 20:39:20'),
	('259','7','',NULL,NULL,NULL,'a:1:{s:3:"img";a:6:{s:2:"sq";a:2:{s:6:"height";s:2:"75";s:5:"width";s:2:"75";}s:3:"thm";a:2:{s:6:"height";s:3:"100";s:5:"width";d:66.625;}s:3:"sml";a:2:{s:6:"height";s:3:"240";s:5:"width";d:159.900000000000005684341886080801486968994140625;}s:2:"md";a:2:{s:6:"height";s:3:"630";s:5:"width";d:419.73750000000001136868377216160297393798828125;}s:3:"lrg";a:2:{s:6:"height";i:800;s:5:"width";i:533;}s:3:"img";s:19:"83249-49d63be9bb1d7";}}','2009-04-03 20:40:10','2009-04-03 20:40:10'),
	('260','7','',NULL,NULL,NULL,'a:1:{s:3:"img";a:6:{s:2:"sq";a:2:{s:6:"height";s:2:"75";s:5:"width";s:2:"75";}s:3:"thm";a:2:{s:6:"height";i:75;s:5:"width";s:3:"100";}s:3:"sml";a:2:{s:6:"height";i:180;s:5:"width";s:3:"240";}s:2:"md";a:2:{s:6:"height";d:472.5;s:5:"width";s:3:"630";}s:3:"lrg";a:2:{s:6:"height";i:600;s:5:"width";i:800;}s:3:"img";s:19:"50570-49d63c4669ac6";}}','2009-04-03 20:41:43','2009-04-03 20:41:43'),
	('261','7','',NULL,NULL,NULL,'a:1:{s:3:"img";a:6:{s:2:"sq";a:2:{s:6:"height";s:2:"75";s:5:"width";s:2:"75";}s:3:"thm";a:2:{s:6:"height";s:3:"100";s:5:"width";i:75;}s:3:"sml";a:2:{s:6:"height";s:3:"240";s:5:"width";i:180;}s:2:"md";a:2:{s:6:"height";s:3:"630";s:5:"width";d:472.5;}s:3:"lrg";a:2:{s:6:"height";i:800;s:5:"width";i:600;}s:3:"img";s:19:"12316-49d63c558f4ca";}}','2009-04-03 20:41:58','2009-04-03 20:41:58'),
	('262','7','',NULL,NULL,NULL,'a:1:{s:3:"img";a:6:{s:2:"sq";a:2:{s:6:"height";s:2:"75";s:5:"width";s:2:"75";}s:3:"thm";a:2:{s:6:"height";s:3:"100";s:5:"width";d:66.625;}s:3:"sml";a:2:{s:6:"height";s:3:"240";s:5:"width";d:159.900000000000005684341886080801486968994140625;}s:2:"md";a:2:{s:6:"height";s:3:"630";s:5:"width";d:419.73750000000001136868377216160297393798828125;}s:3:"lrg";a:2:{s:6:"height";i:800;s:5:"width";i:533;}s:3:"img";s:19:"25859-49d63cfe29088";}}','2009-04-03 20:44:46','2009-04-03 20:44:46'),
	('263','7','',NULL,NULL,NULL,'a:1:{s:3:"img";a:6:{s:2:"sq";a:2:{s:6:"height";s:2:"75";s:5:"width";s:2:"75";}s:3:"thm";a:2:{s:6:"height";s:3:"100";s:5:"width";i:75;}s:3:"sml";a:2:{s:6:"height";s:3:"240";s:5:"width";i:180;}s:2:"md";a:2:{s:6:"height";s:3:"630";s:5:"width";d:472.5;}s:3:"lrg";a:2:{s:6:"height";i:800;s:5:"width";i:600;}s:3:"img";s:19:"16305-49d63e360d6ba";}}','2009-04-03 20:49:58','2009-04-03 20:49:58'),
	('264','7','',NULL,NULL,NULL,'a:1:{s:3:"img";a:6:{s:2:"sq";a:2:{s:6:"height";s:2:"75";s:5:"width";s:2:"75";}s:3:"thm";a:2:{s:6:"height";d:66.75;s:5:"width";s:3:"100";}s:3:"sml";a:2:{s:6:"height";d:160.19999999999998863131622783839702606201171875;s:5:"width";s:3:"240";}s:2:"md";a:2:{s:6:"height";d:420.5249999999999772626324556767940521240234375;s:5:"width";s:3:"630";}s:3:"lrg";a:2:{s:6:"height";i:534;s:5:"width";i:800;}s:3:"img";s:19:"91846-49d63e4454164";}}','2009-04-03 20:50:13','2009-04-03 20:50:13'),
	('265','7','',NULL,NULL,NULL,'a:1:{s:3:"img";a:6:{s:2:"sq";a:2:{s:6:"height";s:2:"75";s:5:"width";s:2:"75";}s:3:"thm";a:2:{s:6:"height";d:66.22222222222222853815765120089054107666015625;s:5:"width";s:3:"100";}s:3:"sml";a:2:{s:6:"height";d:158.93333333333333712289459072053432464599609375;s:5:"width";s:3:"240";}s:2:"md";a:2:{s:6:"height";d:417.19999999999998863131622783839702606201171875;s:5:"width";s:3:"630";}s:3:"lrg";a:2:{s:6:"height";i:596;s:5:"width";i:900;}s:3:"img";s:19:"84411-49d63e9c01b2c";}}','2009-04-03 20:51:40','2009-04-03 20:51:40'),
	('266','7','',NULL,NULL,NULL,'a:1:{s:3:"img";a:6:{s:2:"sq";a:2:{s:6:"height";s:2:"75";s:5:"width";s:2:"75";}s:3:"thm";a:2:{s:6:"height";i:80;s:5:"width";s:3:"100";}s:3:"sml";a:2:{s:6:"height";i:192;s:5:"width";s:3:"240";}s:2:"md";a:2:{s:6:"height";i:504;s:5:"width";s:3:"630";}s:3:"lrg";a:2:{s:6:"height";i:640;s:5:"width";i:800;}s:3:"img";s:19:"13702-49d63edf0456d";}}','2009-04-03 20:52:47','2009-04-03 20:52:47'),
	('267','7','',NULL,NULL,NULL,'a:1:{s:3:"img";a:6:{s:2:"sq";a:2:{s:6:"height";s:2:"75";s:5:"width";s:2:"75";}s:3:"thm";a:2:{s:6:"height";s:3:"100";s:5:"width";d:70.125;}s:3:"sml";a:2:{s:6:"height";s:3:"240";s:5:"width";d:168.30000000000001136868377216160297393798828125;}s:2:"md";a:2:{s:6:"height";s:3:"630";s:5:"width";d:441.7875000000000227373675443232059478759765625;}s:3:"lrg";a:2:{s:6:"height";i:800;s:5:"width";i:561;}s:3:"img";s:19:"20925-49d63efe06e68";}}','2009-04-03 20:53:18','2009-04-03 20:53:18'),
	('268','7','',NULL,NULL,NULL,'a:1:{s:3:"img";a:6:{s:2:"sq";a:2:{s:6:"height";s:2:"75";s:5:"width";s:2:"75";}s:3:"thm";a:2:{s:6:"height";s:3:"100";s:5:"width";i:75;}s:3:"sml";a:2:{s:6:"height";s:3:"240";s:5:"width";i:180;}s:2:"md";a:2:{s:6:"height";s:3:"630";s:5:"width";d:472.5;}s:3:"lrg";a:2:{s:6:"height";i:800;s:5:"width";i:600;}s:3:"img";s:19:"52945-49d63f4be4844";}}','2009-04-03 20:54:36','2009-04-03 20:54:36'),
	('269','7','',NULL,NULL,NULL,'a:1:{s:3:"img";a:6:{s:2:"sq";a:2:{s:6:"height";s:2:"75";s:5:"width";s:2:"75";}s:3:"thm";a:2:{s:6:"height";s:3:"100";s:5:"width";d:70.125;}s:3:"sml";a:2:{s:6:"height";s:3:"240";s:5:"width";d:168.30000000000001136868377216160297393798828125;}s:2:"md";a:2:{s:6:"height";s:3:"630";s:5:"width";d:441.7875000000000227373675443232059478759765625;}s:3:"lrg";a:2:{s:6:"height";i:800;s:5:"width";i:561;}s:3:"img";s:19:"78716-49d63fa8c15a6";}}','2009-04-03 20:56:09','2009-04-03 20:56:09'),
	('270','7','',NULL,NULL,NULL,'a:1:{s:3:"img";a:6:{s:2:"sq";a:2:{s:6:"height";s:2:"75";s:5:"width";s:2:"75";}s:3:"thm";a:2:{s:6:"height";i:84;s:5:"width";s:3:"100";}s:3:"sml";a:2:{s:6:"height";d:201.599999999999994315658113919198513031005859375;s:5:"width";s:3:"240";}s:2:"md";a:2:{s:6:"height";d:529.200000000000045474735088646411895751953125;s:5:"width";s:3:"630";}s:3:"lrg";a:2:{s:6:"height";i:672;s:5:"width";i:800;}s:3:"img";s:19:"16182-49d63ff8ca307";}}','2009-04-03 20:57:29','2009-04-03 20:57:29'),
	('271','7','',NULL,NULL,NULL,'a:1:{s:3:"img";a:6:{s:2:"sq";a:2:{s:6:"height";s:2:"75";s:5:"width";s:2:"75";}s:3:"thm";a:2:{s:6:"height";s:3:"100";s:5:"width";i:75;}s:3:"sml";a:2:{s:6:"height";s:3:"240";s:5:"width";i:180;}s:2:"md";a:2:{s:6:"height";s:3:"630";s:5:"width";d:472.5;}s:3:"lrg";a:2:{s:6:"height";i:800;s:5:"width";i:600;}s:3:"img";s:19:"27273-49d64020805e1";}}','2009-04-03 20:58:09','2009-04-03 20:58:09'),
	('272','7','',NULL,NULL,NULL,'a:1:{s:3:"img";a:6:{s:2:"sq";a:2:{s:6:"height";s:2:"75";s:5:"width";s:2:"75";}s:3:"thm";a:2:{s:6:"height";i:70;s:5:"width";s:3:"100";}s:3:"sml";a:2:{s:6:"height";i:168;s:5:"width";s:3:"240";}s:2:"md";a:2:{s:6:"height";i:441;s:5:"width";s:3:"630";}s:3:"lrg";a:2:{s:6:"height";i:560;s:5:"width";i:800;}s:3:"img";s:19:"16623-49d640650db47";}}','2009-04-03 20:59:17','2009-04-03 20:59:17'),
	('273','8','',NULL,NULL,NULL,'a:1:{s:3:"img";a:6:{s:2:"sq";a:2:{s:6:"height";s:2:"75";s:5:"width";s:2:"75";}s:3:"thm";a:2:{s:6:"height";i:70;s:5:"width";s:3:"100";}s:3:"sml";a:2:{s:6:"height";i:168;s:5:"width";s:3:"240";}s:2:"md";a:2:{s:6:"height";i:441;s:5:"width";s:3:"630";}s:3:"lrg";a:2:{s:6:"height";i:560;s:5:"width";i:800;}s:3:"img";s:19:"97940-49da389bdc9e3";}}','2009-04-06 21:15:08','2009-04-06 21:15:08'),
	('274','8','',NULL,NULL,NULL,'a:1:{s:3:"img";a:6:{s:2:"sq";a:2:{s:6:"height";s:2:"75";s:5:"width";s:2:"75";}s:3:"thm";a:2:{s:6:"height";i:80;s:5:"width";s:3:"100";}s:3:"sml";a:2:{s:6:"height";i:192;s:5:"width";s:3:"240";}s:2:"md";a:2:{s:6:"height";i:504;s:5:"width";s:3:"630";}s:3:"lrg";a:2:{s:6:"height";i:640;s:5:"width";i:800;}s:3:"img";s:19:"25559-49da38bc99379";}}','2009-04-06 21:15:41','2009-04-06 21:15:41'),
	('275','8','',NULL,NULL,NULL,'a:1:{s:3:"img";a:6:{s:2:"sq";a:2:{s:6:"height";s:2:"75";s:5:"width";s:2:"75";}s:3:"thm";a:2:{s:6:"height";s:3:"100";s:5:"width";i:75;}s:3:"sml";a:2:{s:6:"height";s:3:"240";s:5:"width";i:180;}s:2:"md";a:2:{s:6:"height";s:3:"630";s:5:"width";d:472.5;}s:3:"lrg";a:2:{s:6:"height";i:800;s:5:"width";i:600;}s:3:"img";s:19:"90058-49da38d485eda";}}','2009-04-06 21:16:05','2009-04-06 21:16:05'),
	('276','10','',NULL,NULL,NULL,'a:1:{s:3:"img";a:6:{s:2:"sq";a:2:{s:6:"height";s:2:"75";s:5:"width";s:2:"75";}s:3:"thm";a:2:{s:6:"height";s:3:"100";s:5:"width";d:66.625;}s:3:"sml";a:2:{s:6:"height";s:3:"240";s:5:"width";d:159.900000000000005684341886080801486968994140625;}s:2:"md";a:2:{s:6:"height";s:3:"630";s:5:"width";d:419.73750000000001136868377216160297393798828125;}s:3:"lrg";a:2:{s:6:"height";i:800;s:5:"width";i:533;}s:3:"img";s:19:"17101-49dcac49a6086";}}','2009-04-08 17:53:14','2009-04-08 17:53:14'),
	('277','10','',NULL,NULL,NULL,'a:1:{s:3:"img";a:6:{s:2:"sq";a:2:{s:6:"height";s:2:"75";s:5:"width";s:2:"75";}s:3:"thm";a:2:{s:6:"height";s:3:"100";s:5:"width";d:70.125;}s:3:"sml";a:2:{s:6:"height";s:3:"240";s:5:"width";d:168.30000000000001136868377216160297393798828125;}s:2:"md";a:2:{s:6:"height";s:3:"630";s:5:"width";d:441.7875000000000227373675443232059478759765625;}s:3:"lrg";a:2:{s:6:"height";i:800;s:5:"width";i:561;}s:3:"img";s:19:"26870-49dcac63ec0bf";}}','2009-04-08 17:53:40','2009-04-08 17:53:40'),
	('278','10','',NULL,NULL,NULL,'a:1:{s:3:"img";a:6:{s:2:"sq";a:2:{s:6:"height";s:2:"75";s:5:"width";s:2:"75";}s:3:"thm";a:2:{s:6:"height";s:3:"100";s:5:"width";i:75;}s:3:"sml";a:2:{s:6:"height";s:3:"240";s:5:"width";i:180;}s:2:"md";a:2:{s:6:"height";s:3:"630";s:5:"width";d:472.5;}s:3:"lrg";a:2:{s:6:"height";i:800;s:5:"width";i:600;}s:3:"img";s:19:"12416-49dcac6d6e137";}}','2009-04-08 17:53:50','2009-04-08 17:53:50'),
	('279','10','',NULL,NULL,NULL,'a:1:{s:3:"img";a:6:{s:2:"sq";a:2:{s:6:"height";s:2:"75";s:5:"width";s:2:"75";}s:3:"thm";a:2:{s:6:"height";s:3:"100";s:5:"width";i:75;}s:3:"sml";a:2:{s:6:"height";s:3:"240";s:5:"width";i:180;}s:2:"md";a:2:{s:6:"height";s:3:"630";s:5:"width";d:472.5;}s:3:"lrg";a:2:{s:6:"height";i:800;s:5:"width";i:600;}s:3:"img";s:19:"88900-49dcac76a5786";}}','2009-04-08 17:53:59','2009-04-08 17:53:59'),
	('280','10','',NULL,NULL,NULL,'a:1:{s:3:"img";a:6:{s:2:"sq";a:2:{s:6:"height";s:2:"75";s:5:"width";s:2:"75";}s:3:"thm";a:2:{s:6:"height";i:75;s:5:"width";s:3:"100";}s:3:"sml";a:2:{s:6:"height";i:180;s:5:"width";s:3:"240";}s:2:"md";a:2:{s:6:"height";d:472.5;s:5:"width";s:3:"630";}s:3:"lrg";a:2:{s:6:"height";i:600;s:5:"width";i:800;}s:3:"img";s:19:"94576-49dcac8415be0";}}','2009-04-08 17:54:12','2009-04-08 17:54:12'),
	('281','7','',NULL,NULL,NULL,'a:1:{s:3:"img";a:6:{s:2:"sq";a:2:{s:6:"height";s:2:"75";s:5:"width";s:2:"75";}s:3:"thm";a:2:{s:6:"height";d:76.25;s:5:"width";s:3:"100";}s:3:"sml";a:2:{s:6:"height";i:183;s:5:"width";s:3:"240";}s:2:"md";a:2:{s:6:"height";d:480.375;s:5:"width";s:3:"630";}s:3:"lrg";a:2:{s:6:"height";i:610;s:5:"width";i:800;}s:3:"img";s:19:"61083-49e46dfbe3522";}}','2009-04-14 15:05:32','2009-04-14 15:05:32'),
	('282','12','',NULL,NULL,NULL,'a:1:{s:3:"img";a:6:{s:2:"sq";a:2:{s:6:"height";s:2:"75";s:5:"width";s:2:"75";}s:3:"thm";a:2:{s:6:"height";d:54.5;s:5:"width";s:3:"100";}s:3:"sml";a:2:{s:6:"height";d:130.80000000000001136868377216160297393798828125;s:5:"width";s:3:"240";}s:2:"md";a:2:{s:6:"height";d:343.3500000000000227373675443232059478759765625;s:5:"width";s:3:"630";}s:3:"lrg";a:2:{s:6:"height";i:436;s:5:"width";i:800;}s:3:"img";s:19:"22279-49e46e2c87d31";}}','2009-04-14 15:06:21','2009-04-14 15:06:21'),
	('283','12','',NULL,NULL,NULL,'a:1:{s:3:"img";a:6:{s:2:"sq";a:2:{s:6:"height";s:2:"75";s:5:"width";s:2:"75";}s:3:"thm";a:2:{s:6:"height";d:66.625;s:5:"width";s:3:"100";}s:3:"sml";a:2:{s:6:"height";d:159.900000000000005684341886080801486968994140625;s:5:"width";s:3:"240";}s:2:"md";a:2:{s:6:"height";d:419.73750000000001136868377216160297393798828125;s:5:"width";s:3:"630";}s:3:"lrg";a:2:{s:6:"height";i:533;s:5:"width";i:800;}s:3:"img";s:19:"53457-49e46e5f0ad7c";}}','2009-04-14 15:07:11','2009-04-14 15:07:11'),
	('284','12','',NULL,NULL,NULL,'a:1:{s:3:"img";a:6:{s:2:"sq";a:2:{s:6:"height";s:2:"75";s:5:"width";s:2:"75";}s:3:"thm";a:2:{s:6:"height";i:80;s:5:"width";s:3:"100";}s:3:"sml";a:2:{s:6:"height";i:192;s:5:"width";s:3:"240";}s:2:"md";a:2:{s:6:"height";i:504;s:5:"width";s:3:"630";}s:3:"lrg";a:2:{s:6:"height";i:640;s:5:"width";i:800;}s:3:"img";s:19:"20645-49e46e6d6dfc4";}}','2009-04-14 15:07:26','2009-04-14 15:07:26'),
	('285','7','',NULL,NULL,NULL,'a:1:{s:3:"img";a:6:{s:2:"sq";a:2:{s:6:"height";s:2:"75";s:5:"width";s:2:"75";}s:3:"thm";a:2:{s:6:"height";s:3:"100";s:5:"width";d:75.4545454545454532535586622543632984161376953125;}s:3:"sml";a:2:{s:6:"height";s:3:"100";s:5:"width";d:75.4545454545454532535586622543632984161376953125;}s:2:"md";a:2:{s:6:"height";s:3:"100";s:5:"width";d:75.4545454545454532535586622543632984161376953125;}s:3:"lrg";a:2:{s:6:"height";i:110;s:5:"width";i:83;}s:3:"img";s:19:"92826-49e74663c4d56";}}','2009-04-16 18:53:23','2009-04-16 18:53:23'),
	('286','7','',NULL,NULL,NULL,'a:1:{s:3:"img";a:6:{s:2:"sq";a:2:{s:6:"height";s:2:"75";s:5:"width";s:2:"75";}s:3:"thm";a:2:{s:6:"height";d:66.625;s:5:"width";s:3:"100";}s:3:"sml";a:2:{s:6:"height";d:159.900000000000005684341886080801486968994140625;s:5:"width";s:3:"240";}s:2:"md";a:2:{s:6:"height";d:419.73750000000001136868377216160297393798828125;s:5:"width";s:3:"630";}s:3:"lrg";a:2:{s:6:"height";i:533;s:5:"width";i:800;}s:3:"img";s:19:"68878-49e746786c370";}}','2009-04-16 18:53:45','2009-04-16 18:53:45'),
	('287','7','',NULL,NULL,NULL,'a:1:{s:3:"img";a:6:{s:2:"sq";a:2:{s:6:"height";s:2:"75";s:5:"width";s:2:"75";}s:3:"thm";a:2:{s:6:"height";s:3:"100";s:5:"width";i:65;}s:3:"sml";a:2:{s:6:"height";s:3:"240";s:5:"width";i:156;}s:2:"md";a:2:{s:6:"height";s:3:"630";s:5:"width";d:409.5;}s:3:"lrg";a:2:{s:6:"height";s:4:"1024";s:5:"width";d:665.6000000000000227373675443232059478759765625;}s:3:"img";s:19:"27233-49e7469343fba";}}','2009-04-16 18:54:12','2009-04-16 18:54:12'),
	('288','7','',NULL,NULL,NULL,'a:1:{s:3:"img";a:6:{s:2:"sq";a:2:{s:6:"height";s:2:"75";s:5:"width";s:2:"75";}s:3:"thm";a:2:{s:6:"height";d:66.0625;s:5:"width";s:3:"100";}s:3:"sml";a:2:{s:6:"height";d:158.55000000000001136868377216160297393798828125;s:5:"width";s:3:"240";}s:2:"md";a:2:{s:6:"height";d:416.1937500000000227373675443232059478759765625;s:5:"width";s:3:"630";}s:3:"lrg";a:2:{s:6:"height";d:676.48000000000001818989403545856475830078125;s:5:"width";s:4:"1024";}s:3:"img";s:19:"39896-49e746a392aa9";}}','2009-04-16 18:54:30','2009-04-16 18:54:30'),
	('289','7','',NULL,NULL,NULL,'a:1:{s:3:"img";a:6:{s:2:"sq";a:2:{s:6:"height";s:2:"75";s:5:"width";s:2:"75";}s:3:"thm";a:2:{s:6:"height";d:74.8046875;s:5:"width";s:3:"100";}s:3:"sml";a:2:{s:6:"height";d:179.53125;s:5:"width";s:3:"240";}s:2:"md";a:2:{s:6:"height";d:471.26953125;s:5:"width";s:3:"630";}s:3:"lrg";a:2:{s:6:"height";i:766;s:5:"width";s:4:"1024";}s:3:"img";s:19:"76660-49e746b8799bc";}}','2009-04-16 18:54:49','2009-04-16 18:54:49'),
	('290','7','',NULL,NULL,NULL,'a:1:{s:3:"img";a:6:{s:2:"sq";a:2:{s:6:"height";s:2:"75";s:5:"width";s:2:"75";}s:3:"thm";a:2:{s:6:"height";d:75.375;s:5:"width";s:3:"100";}s:3:"sml";a:2:{s:6:"height";d:180.900000000000005684341886080801486968994140625;s:5:"width";s:3:"240";}s:2:"md";a:2:{s:6:"height";d:474.86250000000001136868377216160297393798828125;s:5:"width";s:3:"630";}s:3:"lrg";a:2:{s:6:"height";i:603;s:5:"width";i:800;}s:3:"img";s:19:"35607-49e8b4535c3bb";}}','2009-04-17 20:54:44','2009-04-17 20:54:44'),
	('291','7','',NULL,NULL,NULL,'a:1:{s:3:"img";a:6:{s:2:"sq";a:2:{s:6:"height";s:2:"75";s:5:"width";s:2:"75";}s:3:"thm";a:2:{s:6:"height";d:66.5;s:5:"width";s:3:"100";}s:3:"sml";a:2:{s:6:"height";d:159.599999999999994315658113919198513031005859375;s:5:"width";s:3:"240";}s:2:"md";a:2:{s:6:"height";d:418.94999999999998863131622783839702606201171875;s:5:"width";s:3:"630";}s:3:"lrg";a:2:{s:6:"height";i:532;s:5:"width";i:800;}s:3:"img";s:19:"47263-49ec987c942fb";}}','2009-04-20 19:45:01','2009-04-20 19:45:01'),
	('292','14','',NULL,NULL,NULL,'a:1:{s:3:"img";a:6:{s:2:"sq";a:2:{s:6:"height";s:2:"75";s:5:"width";s:2:"75";}s:3:"thm";a:2:{s:6:"height";d:68.375;s:5:"width";s:3:"100";}s:3:"sml";a:2:{s:6:"height";d:164.099999999999994315658113919198513031005859375;s:5:"width";s:3:"240";}s:2:"md";a:2:{s:6:"height";d:430.76249999999998863131622783839702606201171875;s:5:"width";s:3:"630";}s:3:"lrg";a:2:{s:6:"height";i:547;s:5:"width";i:800;}s:3:"img";s:19:"92933-49eddb3ad13d2";}}','2009-04-21 18:42:03','2009-04-21 18:42:03'),
	('293','15','',NULL,NULL,NULL,'a:1:{s:3:"img";a:6:{s:2:"sq";a:2:{s:6:"height";s:2:"75";s:5:"width";s:2:"75";}s:3:"thm";a:2:{s:6:"height";i:75;s:5:"width";s:3:"100";}s:3:"sml";a:2:{s:6:"height";i:180;s:5:"width";s:3:"240";}s:2:"md";a:2:{s:6:"height";d:472.5;s:5:"width";s:3:"630";}s:3:"lrg";a:2:{s:6:"height";i:600;s:5:"width";i:800;}s:3:"img";s:19:"12694-49eddd8ae7494";}}','2009-04-21 18:51:55','2009-04-21 18:51:55'),
	('294','15','',NULL,NULL,NULL,'a:1:{s:3:"img";a:6:{s:2:"sq";a:2:{s:6:"height";s:2:"75";s:5:"width";s:2:"75";}s:3:"thm";a:2:{s:6:"height";s:3:"100";s:5:"width";d:66.625;}s:3:"sml";a:2:{s:6:"height";s:3:"240";s:5:"width";d:159.900000000000005684341886080801486968994140625;}s:2:"md";a:2:{s:6:"height";s:3:"630";s:5:"width";d:419.73750000000001136868377216160297393798828125;}s:3:"lrg";a:2:{s:6:"height";i:800;s:5:"width";i:533;}s:3:"img";s:19:"72607-49eddd9bdf0ad";}}','2009-04-21 18:52:12','2009-04-21 18:52:12'),
	('295','15','',NULL,NULL,NULL,'a:1:{s:3:"img";a:6:{s:2:"sq";a:2:{s:6:"height";s:2:"75";s:5:"width";s:2:"75";}s:3:"thm";a:2:{s:6:"height";i:75;s:5:"width";s:3:"100";}s:3:"sml";a:2:{s:6:"height";i:180;s:5:"width";s:3:"240";}s:2:"md";a:2:{s:6:"height";d:472.5;s:5:"width";s:3:"630";}s:3:"lrg";a:2:{s:6:"height";i:600;s:5:"width";i:800;}s:3:"img";s:19:"66893-49ede23130bce";}}','2009-04-21 19:11:46','2009-04-21 19:11:46'),
	('296','15','',NULL,NULL,NULL,'a:1:{s:3:"img";a:6:{s:2:"sq";a:2:{s:6:"height";s:2:"75";s:5:"width";s:2:"75";}s:3:"thm";a:2:{s:6:"height";i:84;s:5:"width";s:3:"100";}s:3:"sml";a:2:{s:6:"height";d:201.599999999999994315658113919198513031005859375;s:5:"width";s:3:"240";}s:2:"md";a:2:{s:6:"height";d:529.200000000000045474735088646411895751953125;s:5:"width";s:3:"630";}s:3:"lrg";a:2:{s:6:"height";i:672;s:5:"width";i:800;}s:3:"img";s:19:"93345-49ede25335c97";}}','2009-04-21 19:12:20','2009-04-21 19:12:20'),
	('297','15','',NULL,NULL,NULL,'a:1:{s:3:"img";a:6:{s:2:"sq";a:2:{s:6:"height";s:2:"75";s:5:"width";s:2:"75";}s:3:"thm";a:2:{s:6:"height";d:75.375;s:5:"width";s:3:"100";}s:3:"sml";a:2:{s:6:"height";d:180.900000000000005684341886080801486968994140625;s:5:"width";s:3:"240";}s:2:"md";a:2:{s:6:"height";d:474.86250000000001136868377216160297393798828125;s:5:"width";s:3:"630";}s:3:"lrg";a:2:{s:6:"height";i:603;s:5:"width";i:800;}s:3:"img";s:19:"84928-49ede266bf666";}}','2009-04-21 19:12:39','2009-04-21 19:12:39'),
	('298','15','',NULL,NULL,NULL,'a:1:{s:3:"img";a:6:{s:2:"sq";a:2:{s:6:"height";s:2:"75";s:5:"width";s:2:"75";}s:3:"thm";a:2:{s:6:"height";i:84;s:5:"width";s:3:"100";}s:3:"sml";a:2:{s:6:"height";d:201.599999999999994315658113919198513031005859375;s:5:"width";s:3:"240";}s:2:"md";a:2:{s:6:"height";d:529.200000000000045474735088646411895751953125;s:5:"width";s:3:"630";}s:3:"lrg";a:2:{s:6:"height";i:672;s:5:"width";i:800;}s:3:"img";s:19:"15134-49ede27bbdc3f";}}','2009-04-21 19:13:00','2009-04-21 19:13:00'),
	('299','15','',NULL,NULL,NULL,'a:1:{s:3:"img";a:6:{s:2:"sq";a:2:{s:6:"height";s:2:"75";s:5:"width";s:2:"75";}s:3:"thm";a:2:{s:6:"height";d:70.375;s:5:"width";s:3:"100";}s:3:"sml";a:2:{s:6:"height";d:168.900000000000005684341886080801486968994140625;s:5:"width";s:3:"240";}s:2:"md";a:2:{s:6:"height";d:443.36250000000001136868377216160297393798828125;s:5:"width";s:3:"630";}s:3:"lrg";a:2:{s:6:"height";i:563;s:5:"width";i:800;}s:3:"img";s:19:"25645-49ede286a9fdd";}}','2009-04-21 19:13:11','2009-04-21 19:13:11'),
	('300','15','',NULL,NULL,NULL,'a:1:{s:3:"img";a:6:{s:2:"sq";a:2:{s:6:"height";s:2:"75";s:5:"width";s:2:"75";}s:3:"thm";a:2:{s:6:"height";d:66.5;s:5:"width";s:3:"100";}s:3:"sml";a:2:{s:6:"height";d:159.599999999999994315658113919198513031005859375;s:5:"width";s:3:"240";}s:2:"md";a:2:{s:6:"height";d:418.94999999999998863131622783839702606201171875;s:5:"width";s:3:"630";}s:3:"lrg";a:2:{s:6:"height";i:532;s:5:"width";i:800;}s:3:"img";s:19:"35531-49ede29a0066a";}}','2009-04-21 19:13:30','2009-04-21 19:13:30'),
	('301','15','',NULL,NULL,NULL,'a:1:{s:3:"img";a:6:{s:2:"sq";a:2:{s:6:"height";s:2:"75";s:5:"width";s:2:"75";}s:3:"thm";a:2:{s:6:"height";i:75;s:5:"width";s:3:"100";}s:3:"sml";a:2:{s:6:"height";i:180;s:5:"width";s:3:"240";}s:2:"md";a:2:{s:6:"height";d:472.5;s:5:"width";s:3:"630";}s:3:"lrg";a:2:{s:6:"height";i:600;s:5:"width";i:800;}s:3:"img";s:19:"45005-49ede2a6e995a";}}','2009-04-21 19:13:43','2009-04-21 19:13:43'),
	('302','15','',NULL,NULL,NULL,'a:1:{s:3:"img";a:6:{s:2:"sq";a:2:{s:6:"height";s:2:"75";s:5:"width";s:2:"75";}s:3:"thm";a:2:{s:6:"height";d:54.5;s:5:"width";s:3:"100";}s:3:"sml";a:2:{s:6:"height";d:130.80000000000001136868377216160297393798828125;s:5:"width";s:3:"240";}s:2:"md";a:2:{s:6:"height";d:343.3500000000000227373675443232059478759765625;s:5:"width";s:3:"630";}s:3:"lrg";a:2:{s:6:"height";i:436;s:5:"width";i:800;}s:3:"img";s:19:"81388-49ede2b2cb673";}}','2009-04-21 19:13:55','2009-04-21 19:13:55'),
	('303','15','',NULL,NULL,NULL,'a:1:{s:3:"img";a:6:{s:2:"sq";a:2:{s:6:"height";s:2:"75";s:5:"width";s:2:"75";}s:3:"thm";a:2:{s:6:"height";i:75;s:5:"width";s:3:"100";}s:3:"sml";a:2:{s:6:"height";i:180;s:5:"width";s:3:"240";}s:2:"md";a:2:{s:6:"height";d:472.5;s:5:"width";s:3:"630";}s:3:"lrg";a:2:{s:6:"height";i:600;s:5:"width";i:800;}s:3:"img";s:19:"63136-49ede2d09d8da";}}','2009-04-21 19:14:25','2009-04-21 19:14:25'),
	('304','7','',NULL,NULL,NULL,'a:1:{s:3:"img";a:6:{s:2:"sq";a:2:{s:6:"height";s:2:"75";s:5:"width";s:2:"75";}s:3:"thm";a:2:{s:6:"height";s:3:"100";s:5:"width";i:75;}s:3:"sml";a:2:{s:6:"height";s:3:"240";s:5:"width";i:180;}s:2:"md";a:2:{s:6:"height";s:3:"630";s:5:"width";d:472.5;}s:3:"lrg";a:2:{s:6:"height";i:800;s:5:"width";i:600;}s:3:"img";s:19:"95180-49edea8ad072a";}}','2009-04-21 19:47:23','2009-04-21 19:47:23'),
	('305','7','',NULL,NULL,NULL,'a:1:{s:3:"img";a:6:{s:2:"sq";a:2:{s:6:"height";s:2:"75";s:5:"width";s:2:"75";}s:3:"thm";a:2:{s:6:"height";i:75;s:5:"width";s:3:"100";}s:3:"sml";a:2:{s:6:"height";i:180;s:5:"width";s:3:"240";}s:2:"md";a:2:{s:6:"height";d:472.5;s:5:"width";s:3:"630";}s:3:"lrg";a:2:{s:6:"height";i:600;s:5:"width";i:800;}s:3:"img";s:19:"19704-49edeab52d105";}}','2009-04-21 19:48:06','2009-04-21 19:48:06'),
	('306','16','',NULL,NULL,NULL,'a:1:{s:3:"img";a:6:{s:2:"sq";a:2:{s:6:"height";s:2:"75";s:5:"width";s:2:"75";}s:3:"thm";a:2:{s:6:"height";s:3:"100";s:5:"width";i:75;}s:3:"sml";a:2:{s:6:"height";s:3:"240";s:5:"width";i:180;}s:2:"md";a:2:{s:6:"height";s:3:"630";s:5:"width";d:472.5;}s:3:"lrg";a:2:{s:6:"height";i:800;s:5:"width";i:600;}s:3:"img";s:19:"69131-49edeea55592a";}}','2009-04-21 20:04:54','2009-04-21 20:04:54'),
	('307','16','',NULL,NULL,NULL,'a:1:{s:3:"img";a:6:{s:2:"sq";a:2:{s:6:"height";s:2:"75";s:5:"width";s:2:"75";}s:3:"thm";a:2:{s:6:"height";d:68.375;s:5:"width";s:3:"100";}s:3:"sml";a:2:{s:6:"height";d:164.099999999999994315658113919198513031005859375;s:5:"width";s:3:"240";}s:2:"md";a:2:{s:6:"height";d:430.76249999999998863131622783839702606201171875;s:5:"width";s:3:"630";}s:3:"lrg";a:2:{s:6:"height";i:547;s:5:"width";i:800;}s:3:"img";s:19:"79820-49edeeacaab36";}}','2009-04-21 20:05:01','2009-04-21 20:05:01'),
	('308','12','',NULL,NULL,NULL,'a:1:{s:3:"img";a:6:{s:2:"sq";a:2:{s:6:"height";s:2:"75";s:5:"width";s:2:"75";}s:3:"thm";a:2:{s:6:"height";i:75;s:5:"width";s:3:"100";}s:3:"sml";a:2:{s:6:"height";i:180;s:5:"width";s:3:"240";}s:2:"md";a:2:{s:6:"height";d:472.5;s:5:"width";s:3:"630";}s:3:"lrg";a:2:{s:6:"height";i:600;s:5:"width";i:800;}s:3:"img";s:19:"50309-49edf23a98b0e";}}','2009-04-21 20:20:11','2009-04-21 20:20:11'),
	('309','12','',NULL,NULL,NULL,'a:1:{s:3:"img";a:6:{s:2:"sq";a:2:{s:6:"height";s:2:"75";s:5:"width";s:2:"75";}s:3:"thm";a:2:{s:6:"height";s:3:"100";s:5:"width";d:84.125;}s:3:"sml";a:2:{s:6:"height";s:3:"240";s:5:"width";d:201.900000000000005684341886080801486968994140625;}s:2:"md";a:2:{s:6:"height";s:3:"630";s:5:"width";d:529.987499999999954525264911353588104248046875;}s:3:"lrg";a:2:{s:6:"height";i:800;s:5:"width";i:673;}s:3:"img";s:19:"54471-49edf3ba6ce1e";}}','2009-04-21 20:26:35','2009-04-21 20:26:35'),
	('311','16','',NULL,NULL,NULL,'a:1:{s:3:"img";a:6:{s:2:"sq";a:2:{s:6:"height";s:2:"75";s:5:"width";s:2:"75";}s:3:"thm";a:2:{s:6:"height";s:3:"100";s:5:"width";i:75;}s:3:"sml";a:2:{s:6:"height";s:3:"240";s:5:"width";i:180;}s:2:"md";a:2:{s:6:"height";s:3:"630";s:5:"width";d:472.5;}s:3:"lrg";a:2:{s:6:"height";i:800;s:5:"width";i:600;}s:3:"img";s:19:"46377-49eefc010f1a0";}}','2009-04-22 15:14:09','2009-04-22 15:14:09'),
	('312','16','',NULL,NULL,NULL,'a:1:{s:3:"img";a:6:{s:2:"sq";a:2:{s:6:"height";s:2:"75";s:5:"width";s:2:"75";}s:3:"thm";a:2:{s:6:"height";i:75;s:5:"width";s:3:"100";}s:3:"sml";a:2:{s:6:"height";i:180;s:5:"width";s:3:"240";}s:2:"md";a:2:{s:6:"height";d:472.5;s:5:"width";s:3:"630";}s:3:"lrg";a:2:{s:6:"height";i:600;s:5:"width";i:800;}s:3:"img";s:19:"95812-49eefc0eb9243";}}','2009-04-22 15:14:23','2009-04-22 15:14:23'),
	('313','16','',NULL,NULL,NULL,'a:1:{s:3:"img";a:6:{s:2:"sq";a:2:{s:6:"height";s:2:"75";s:5:"width";s:2:"75";}s:3:"thm";a:2:{s:6:"height";i:75;s:5:"width";s:3:"100";}s:3:"sml";a:2:{s:6:"height";i:180;s:5:"width";s:3:"240";}s:2:"md";a:2:{s:6:"height";d:472.5;s:5:"width";s:3:"630";}s:3:"lrg";a:2:{s:6:"height";i:600;s:5:"width";i:800;}s:3:"img";s:19:"64426-49eefc1d9acfb";}}','2009-04-22 15:14:38','2009-04-22 15:14:38'),
	('314',NULL,'',NULL,NULL,NULL,'a:1:{s:3:"img";a:3:{s:2:"sq";a:2:{s:6:"height";i:550;s:5:"width";s:2:"75";}s:2:"md";a:2:{s:6:"height";i:550;s:5:"width";s:3:"630";}s:3:"img";s:19:"21941-49ef19091c21f";}}','2009-04-22 17:18:01','2009-04-22 17:18:01'),
	('361',NULL,'',NULL,NULL,NULL,'a:1:{s:3:"img";a:3:{s:2:"sq";a:2:{s:6:"height";s:2:"75";s:5:"width";s:2:"75";}s:2:"md";a:2:{s:6:"height";i:550;s:5:"width";i:630;}s:3:"img";s:19:"68041-49ef4eac1fcfa";}}','2009-04-22 21:06:52','2009-04-22 21:06:52'),
	('362',NULL,'',NULL,NULL,NULL,'a:1:{s:3:"img";a:3:{s:2:"sq";a:2:{s:6:"height";s:2:"75";s:5:"width";s:2:"75";}s:2:"md";a:2:{s:6:"height";i:550;s:5:"width";i:630;}s:3:"img";s:19:"43199-49ef4ed68f052";}}','2009-04-22 21:07:34','2009-04-22 21:07:34'),
	('363',NULL,'',NULL,NULL,NULL,'a:1:{s:3:"img";a:3:{s:2:"sq";a:2:{s:6:"height";s:2:"75";s:5:"width";s:2:"75";}s:2:"md";a:2:{s:6:"height";i:550;s:5:"width";i:630;}s:3:"img";s:19:"77401-49ef4ef37756d";}}','2009-04-22 21:08:04','2009-04-22 21:08:04'),
	('364',NULL,'',NULL,NULL,NULL,'a:1:{s:3:"img";a:3:{s:2:"sq";a:2:{s:6:"height";s:2:"75";s:5:"width";s:2:"75";}s:2:"md";a:2:{s:6:"height";i:550;s:5:"width";i:630;}s:3:"img";s:19:"99346-49ef4f9347561";}}','2009-04-22 21:10:43','2009-04-22 21:10:43'),
	('365',NULL,'',NULL,NULL,NULL,'a:1:{s:3:"img";a:3:{s:2:"sq";a:2:{s:6:"height";s:2:"75";s:5:"width";s:2:"75";}s:2:"md";a:2:{s:6:"height";i:550;s:5:"width";i:630;}s:3:"img";s:19:"89916-49ef4ff43af05";}}','2009-04-22 21:12:20','2009-04-22 21:12:20'),
	('366',NULL,'',NULL,NULL,NULL,'a:1:{s:3:"img";a:3:{s:2:"sq";a:2:{s:6:"height";s:2:"75";s:5:"width";s:2:"75";}s:2:"md";a:2:{s:6:"height";i:550;s:5:"width";i:630;}s:3:"img";s:19:"62728-49ef505fd6c69";}}','2009-04-22 21:14:08','2009-04-22 21:14:08'),
	('367',NULL,'',NULL,NULL,NULL,'a:1:{s:3:"img";a:3:{s:2:"sq";a:2:{s:6:"height";s:2:"75";s:5:"width";s:2:"75";}s:2:"md";a:2:{s:6:"height";i:550;s:5:"width";i:630;}s:3:"img";s:19:"13969-49ef507b3e6af";}}','2009-04-22 21:14:35','2009-04-22 21:14:35'),
	('368',NULL,'',NULL,NULL,NULL,'a:1:{s:3:"img";a:3:{s:2:"sq";a:2:{s:6:"height";s:2:"75";s:5:"width";s:2:"75";}s:2:"md";a:2:{s:6:"height";i:550;s:5:"width";i:630;}s:3:"img";s:19:"57629-49ef50a73bada";}}','2009-04-22 21:15:19','2009-04-22 21:15:19'),
	('369',NULL,'',NULL,NULL,NULL,'a:1:{s:3:"img";a:3:{s:2:"sq";a:2:{s:6:"height";s:2:"75";s:5:"width";s:2:"75";}s:2:"md";a:2:{s:6:"height";i:300;s:5:"width";i:630;}s:3:"img";s:19:"55754-49ef5103df95b";}}','2009-04-22 21:16:52','2009-04-22 21:16:52'),
	('370',NULL,'',NULL,NULL,NULL,'a:1:{s:3:"img";a:3:{s:2:"sq";a:2:{s:6:"height";s:2:"75";s:5:"width";s:2:"75";}s:2:"md";a:2:{s:6:"height";i:500;s:5:"width";i:630;}s:3:"img";s:19:"99126-49ef579bd88fa";}}','2009-04-22 21:45:00','2009-04-22 21:45:00'),
	('371',NULL,'',NULL,NULL,NULL,'a:1:{s:3:"img";a:3:{s:2:"sq";a:2:{s:6:"height";s:2:"75";s:5:"width";s:2:"75";}s:2:"md";a:2:{s:6:"height";i:500;s:5:"width";i:630;}s:3:"img";s:19:"42117-49ef57d814420";}}','2009-04-22 21:46:00','2009-04-22 21:46:00'),
	('372',NULL,'',NULL,NULL,NULL,'a:1:{s:3:"img";a:3:{s:2:"sq";a:2:{s:6:"height";s:2:"75";s:5:"width";s:2:"75";}s:2:"md";a:2:{s:6:"height";i:500;s:5:"width";i:630;}s:3:"img";s:19:"68686-49ef58324d07b";}}','2009-04-22 21:47:30','2009-04-22 21:47:30'),
	('373',NULL,'',NULL,NULL,NULL,'a:1:{s:3:"img";a:3:{s:2:"sq";a:2:{s:6:"height";s:2:"75";s:5:"width";s:2:"75";}s:2:"md";a:2:{s:6:"height";i:500;s:5:"width";i:630;}s:3:"img";s:19:"58452-49ef5957c81f5";}}','2009-04-22 21:52:24','2009-04-22 21:52:24'),
	('374',NULL,'',NULL,NULL,NULL,'a:1:{s:3:"img";a:3:{s:2:"sq";a:2:{s:6:"height";s:2:"75";s:5:"width";s:2:"75";}s:2:"md";a:2:{s:6:"height";i:550;s:5:"width";i:630;}s:3:"img";s:19:"23194-49ef597c6bb16";}}','2009-04-22 21:53:00','2009-04-22 21:53:00'),
	('375',NULL,'',NULL,NULL,NULL,'a:1:{s:3:"img";a:3:{s:2:"sq";a:2:{s:6:"height";s:2:"75";s:5:"width";s:2:"75";}s:2:"md";a:2:{s:6:"height";i:550;s:5:"width";i:630;}s:3:"img";s:19:"52776-49ef5b546769d";}}','2009-04-22 22:00:52','2009-04-22 22:00:52'),
	('376',NULL,'',NULL,NULL,NULL,'a:1:{s:3:"img";a:3:{s:2:"sq";a:2:{s:6:"height";s:2:"75";s:5:"width";s:2:"75";}s:2:"md";a:2:{s:6:"height";i:550;s:5:"width";i:630;}s:3:"img";s:19:"14515-49ef5ba28e275";}}','2009-04-22 22:02:11','2009-04-22 22:02:11'),
	('377',NULL,'',NULL,NULL,NULL,'a:1:{s:3:"img";a:3:{s:2:"sq";a:2:{s:6:"height";s:2:"75";s:5:"width";s:2:"75";}s:2:"md";a:2:{s:6:"height";i:550;s:5:"width";i:630;}s:3:"img";s:19:"85713-49f07e3861dd3";}}','2009-04-23 18:42:00','2009-04-23 18:42:00'),
	('378',NULL,'',NULL,NULL,NULL,'a:1:{s:3:"img";a:3:{s:2:"sq";a:2:{s:6:"height";s:2:"75";s:5:"width";s:2:"75";}s:2:"md";a:2:{s:6:"height";i:550;s:5:"width";i:630;}s:3:"img";s:19:"39525-49f07f3b2c3bc";}}','2009-04-23 18:46:19','2009-04-23 18:46:19'),
	('379',NULL,'',NULL,NULL,NULL,'a:1:{s:3:"img";a:3:{s:2:"sq";a:2:{s:6:"height";s:2:"75";s:5:"width";s:2:"75";}s:2:"md";a:2:{s:6:"height";i:550;s:5:"width";i:630;}s:3:"img";s:19:"88578-49f07f8753ba9";}}','2009-04-23 18:47:35','2009-04-23 18:47:35'),
	('380',NULL,'',NULL,NULL,NULL,'a:1:{s:3:"img";a:3:{s:2:"sq";a:2:{s:6:"height";s:2:"75";s:5:"width";s:2:"75";}s:2:"md";a:2:{s:6:"height";i:550;s:5:"width";i:630;}s:3:"img";s:19:"85771-49f080653ed15";}}','2009-04-23 18:51:17','2009-04-23 18:51:17'),
	('381',NULL,'',NULL,NULL,NULL,'a:1:{s:3:"img";a:3:{s:2:"sq";a:2:{s:6:"height";s:2:"75";s:5:"width";s:2:"75";}s:2:"md";a:2:{s:6:"height";i:550;s:5:"width";i:630;}s:3:"img";s:19:"54282-49f0808006200";}}','2009-04-23 18:51:44','2009-04-23 18:51:44'),
	('382',NULL,'',NULL,NULL,NULL,'a:1:{s:3:"img";a:3:{s:2:"sq";a:2:{s:6:"height";s:2:"75";s:5:"width";s:2:"75";}s:2:"md";a:2:{s:6:"height";i:550;s:5:"width";i:630;}s:3:"img";s:19:"12034-49f0817593430";}}','2009-04-23 18:55:50','2009-04-23 18:55:50'),
	('383',NULL,'',NULL,NULL,NULL,'a:1:{s:3:"img";a:3:{s:2:"sq";a:2:{s:6:"height";s:2:"75";s:5:"width";s:2:"75";}s:2:"md";a:2:{s:6:"height";i:550;s:5:"width";i:630;}s:3:"img";s:19:"91098-49f0820683008";}}','2009-04-23 18:58:15','2009-04-23 18:58:15'),
	('384',NULL,'',NULL,NULL,NULL,'a:1:{s:3:"img";a:3:{s:2:"sq";a:2:{s:6:"height";s:2:"75";s:5:"width";s:2:"75";}s:2:"md";a:2:{s:6:"height";i:550;s:5:"width";i:630;}s:3:"img";s:19:"68186-49f08237e60e3";}}','2009-04-23 18:59:04','2009-04-23 18:59:04'),
	('385',NULL,'',NULL,NULL,NULL,'a:1:{s:3:"img";a:3:{s:2:"sq";a:2:{s:6:"height";s:2:"75";s:5:"width";s:2:"75";}s:2:"md";a:2:{s:6:"height";i:550;s:5:"width";i:630;}s:3:"img";s:19:"75509-49f082619a1c7";}}','2009-04-23 18:59:46','2009-04-23 18:59:46'),
	('386','7','',NULL,NULL,NULL,'a:1:{s:3:"img";a:6:{s:2:"sq";a:2:{s:6:"height";s:2:"75";s:5:"width";s:2:"75";}s:3:"thm";a:2:{s:6:"height";d:93.5;s:5:"width";s:3:"100";}s:3:"sml";a:2:{s:6:"height";d:224.400000000000005684341886080801486968994140625;s:5:"width";s:3:"240";}s:2:"md";a:2:{s:6:"height";d:589.049999999999954525264911353588104248046875;s:5:"width";s:3:"630";}s:3:"lrg";a:2:{s:6:"height";i:748;s:5:"width";i:800;}s:3:"img";s:19:"64081-4a00003a55a6c";}}','2009-05-05 13:00:43','2009-05-05 13:00:43'),
	('387','7','',NULL,NULL,NULL,'a:1:{s:3:"img";a:6:{s:2:"sq";a:2:{s:6:"height";s:2:"75";s:5:"width";s:2:"75";}s:3:"thm";a:2:{s:6:"height";s:3:"100";s:5:"width";d:91.125;}s:3:"sml";a:2:{s:6:"height";s:3:"240";s:5:"width";d:218.69999999999998863131622783839702606201171875;}s:2:"md";a:2:{s:6:"height";s:3:"630";s:5:"width";d:574.0874999999999772626324556767940521240234375;}s:3:"lrg";a:2:{s:6:"height";i:800;s:5:"width";i:729;}s:3:"img";s:19:"21854-4a000056bd300";}}','2009-05-05 13:01:11','2009-05-05 13:01:11'),
	('388','7','',NULL,NULL,NULL,'a:1:{s:3:"img";a:6:{s:2:"sq";a:2:{s:6:"height";s:2:"75";s:5:"width";s:2:"75";}s:3:"thm";a:2:{s:6:"height";d:66.5;s:5:"width";s:3:"100";}s:3:"sml";a:2:{s:6:"height";d:159.599999999999994315658113919198513031005859375;s:5:"width";s:3:"240";}s:2:"md";a:2:{s:6:"height";d:418.94999999999998863131622783839702606201171875;s:5:"width";s:3:"630";}s:3:"lrg";a:2:{s:6:"height";i:532;s:5:"width";i:800;}s:3:"img";s:19:"73220-4a00583af2154";}}','2009-05-05 19:16:11','2009-05-05 19:16:11'),
	('389','13','',NULL,NULL,NULL,'a:1:{s:3:"img";a:6:{s:2:"sq";a:2:{s:6:"height";s:2:"75";s:5:"width";s:2:"75";}s:3:"thm";a:2:{s:6:"height";d:76.25;s:5:"width";s:3:"100";}s:3:"sml";a:2:{s:6:"height";i:183;s:5:"width";s:3:"240";}s:2:"md";a:2:{s:6:"height";d:480.375;s:5:"width";s:3:"630";}s:3:"lrg";a:2:{s:6:"height";i:610;s:5:"width";i:800;}s:3:"img";s:19:"57905-4a005dee8951b";}}','2009-05-05 19:40:31','2009-05-05 19:40:31'),
	('390','13','',NULL,NULL,NULL,'a:1:{s:3:"img";a:6:{s:2:"sq";a:2:{s:6:"height";s:2:"75";s:5:"width";s:2:"75";}s:3:"thm";a:2:{s:6:"height";d:54.5;s:5:"width";s:3:"100";}s:3:"sml";a:2:{s:6:"height";d:130.80000000000001136868377216160297393798828125;s:5:"width";s:3:"240";}s:2:"md";a:2:{s:6:"height";d:343.3500000000000227373675443232059478759765625;s:5:"width";s:3:"630";}s:3:"lrg";a:2:{s:6:"height";i:436;s:5:"width";i:800;}s:3:"img";s:19:"13976-4a005dfc8736a";}}','2009-05-05 19:40:45','2009-05-05 19:40:45'),
	('391','13','',NULL,NULL,NULL,'a:1:{s:3:"img";a:6:{s:2:"sq";a:2:{s:6:"height";s:2:"75";s:5:"width";s:2:"75";}s:3:"thm";a:2:{s:6:"height";i:75;s:5:"width";s:3:"100";}s:3:"sml";a:2:{s:6:"height";i:180;s:5:"width";s:3:"240";}s:2:"md";a:2:{s:6:"height";d:472.5;s:5:"width";s:3:"630";}s:3:"lrg";a:2:{s:6:"height";i:600;s:5:"width";i:800;}s:3:"img";s:19:"39462-4a005e1e6758c";}}','2009-05-05 19:41:19','2009-05-05 19:41:19'),
	('392','13','',NULL,NULL,NULL,'a:1:{s:3:"img";a:6:{s:2:"sq";a:2:{s:6:"height";s:2:"75";s:5:"width";s:2:"75";}s:3:"thm";a:2:{s:6:"height";d:66.75;s:5:"width";s:3:"100";}s:3:"sml";a:2:{s:6:"height";d:160.19999999999998863131622783839702606201171875;s:5:"width";s:3:"240";}s:2:"md";a:2:{s:6:"height";d:420.5249999999999772626324556767940521240234375;s:5:"width";s:3:"630";}s:3:"lrg";a:2:{s:6:"height";i:534;s:5:"width";i:800;}s:3:"img";s:19:"84729-4a005e343df69";}}','2009-05-05 19:41:41','2009-05-05 19:41:41'),
	('393','13','',NULL,NULL,NULL,'a:1:{s:3:"img";a:6:{s:2:"sq";a:2:{s:6:"height";s:2:"75";s:5:"width";s:2:"75";}s:3:"thm";a:2:{s:6:"height";s:3:"100";s:5:"width";d:67.103538663171690359376952983438968658447265625;}s:3:"sml";a:2:{s:6:"height";s:3:"240";s:5:"width";d:161.048492791612062546846573241055011749267578125;}s:2:"md";a:2:{s:6:"height";s:3:"630";s:5:"width";d:422.75229357798167484361329115927219390869140625;}s:3:"lrg";a:2:{s:6:"height";i:763;s:5:"width";i:512;}s:3:"img";s:19:"80690-4a005e45a51b5";}}','2009-05-05 19:41:58','2009-05-05 19:41:58'),
	('394','13','',NULL,NULL,NULL,'a:1:{s:3:"img";a:6:{s:2:"sq";a:2:{s:6:"height";s:2:"75";s:5:"width";s:2:"75";}s:3:"thm";a:2:{s:6:"height";s:3:"100";s:5:"width";d:75.4545454545454532535586622543632984161376953125;}s:3:"sml";a:2:{s:6:"height";s:3:"100";s:5:"width";d:75.4545454545454532535586622543632984161376953125;}s:2:"md";a:2:{s:6:"height";s:3:"100";s:5:"width";d:75.4545454545454532535586622543632984161376953125;}s:3:"lrg";a:2:{s:6:"height";i:110;s:5:"width";i:83;}s:3:"img";s:19:"69176-4a005e57bc1b9";}}','2009-05-05 19:42:15','2009-05-05 19:42:15'),
	('395','13','',NULL,NULL,NULL,'a:1:{s:3:"img";a:6:{s:2:"sq";a:2:{s:6:"height";s:2:"75";s:5:"width";s:2:"75";}s:3:"thm";a:2:{s:6:"height";i:75;s:5:"width";s:3:"100";}s:3:"sml";a:2:{s:6:"height";i:180;s:5:"width";s:3:"240";}s:2:"md";a:2:{s:6:"height";d:472.5;s:5:"width";s:3:"630";}s:3:"lrg";a:2:{s:6:"height";i:600;s:5:"width";i:800;}s:3:"img";s:19:"73655-4a005e64b8e4a";}}','2009-05-05 19:42:29','2009-05-05 19:42:29'),
	('396','13','',NULL,NULL,NULL,'a:1:{s:3:"img";a:6:{s:2:"sq";a:2:{s:6:"height";s:2:"75";s:5:"width";s:2:"75";}s:3:"thm";a:2:{s:6:"height";i:73;s:5:"width";s:3:"100";}s:3:"sml";a:2:{s:6:"height";d:175.19999999999998863131622783839702606201171875;s:5:"width";s:3:"240";}s:2:"md";a:2:{s:6:"height";d:459.8999999999999772626324556767940521240234375;s:5:"width";s:3:"630";}s:3:"lrg";a:2:{s:6:"height";i:511;s:5:"width";i:700;}s:3:"img";s:19:"75704-4a005e7f738d0";}}','2009-05-05 19:42:56','2009-05-05 19:42:56'),
	('397','13','',NULL,NULL,NULL,'a:1:{s:3:"img";a:6:{s:2:"sq";a:2:{s:6:"height";s:2:"75";s:5:"width";s:2:"75";}s:3:"thm";a:2:{s:6:"height";i:75;s:5:"width";s:3:"100";}s:3:"sml";a:2:{s:6:"height";i:180;s:5:"width";s:3:"240";}s:2:"md";a:2:{s:6:"height";d:472.5;s:5:"width";s:3:"630";}s:3:"lrg";a:2:{s:6:"height";i:600;s:5:"width";i:800;}s:3:"img";s:19:"67374-4a005ee1a1230";}}','2009-05-05 19:44:34','2009-05-05 19:44:34'),
	('398','13','',NULL,NULL,NULL,'a:1:{s:3:"img";a:6:{s:2:"sq";a:2:{s:6:"height";s:2:"75";s:5:"width";s:2:"75";}s:3:"thm";a:2:{s:6:"height";s:3:"100";s:5:"width";d:67.103538663171690359376952983438968658447265625;}s:3:"sml";a:2:{s:6:"height";s:3:"240";s:5:"width";d:161.048492791612062546846573241055011749267578125;}s:2:"md";a:2:{s:6:"height";s:3:"630";s:5:"width";d:422.75229357798167484361329115927219390869140625;}s:3:"lrg";a:2:{s:6:"height";i:763;s:5:"width";i:512;}s:3:"img";s:19:"23108-4a005ef04160d";}}','2009-05-05 19:44:48','2009-05-05 19:44:48'),
	('399','13','',NULL,NULL,NULL,'a:1:{s:3:"img";a:6:{s:2:"sq";a:2:{s:6:"height";s:2:"75";s:5:"width";s:2:"75";}s:3:"thm";a:2:{s:6:"height";s:3:"100";s:5:"width";i:75;}s:3:"sml";a:2:{s:6:"height";s:3:"240";s:5:"width";i:180;}s:2:"md";a:2:{s:6:"height";s:3:"630";s:5:"width";d:472.5;}s:3:"lrg";a:2:{s:6:"height";i:800;s:5:"width";i:600;}s:3:"img";s:19:"14108-4a005efae2a31";}}','2009-05-05 19:44:59','2009-05-05 19:44:59'),
	('400','17','',NULL,NULL,NULL,'a:1:{s:3:"img";a:6:{s:2:"sq";a:2:{s:6:"height";s:2:"75";s:5:"width";s:2:"75";}s:3:"thm";a:2:{s:6:"height";d:66.5;s:5:"width";s:3:"100";}s:3:"sml";a:2:{s:6:"height";d:159.599999999999994315658113919198513031005859375;s:5:"width";s:3:"240";}s:2:"md";a:2:{s:6:"height";d:418.94999999999998863131622783839702606201171875;s:5:"width";s:3:"630";}s:3:"lrg";a:2:{s:6:"height";i:532;s:5:"width";i:800;}s:3:"img";s:19:"81263-4a005ff04957a";}}','2009-05-05 19:49:05','2009-05-05 19:49:05'),
	('401','17','',NULL,NULL,NULL,'a:1:{s:3:"img";a:6:{s:2:"sq";a:2:{s:6:"height";s:2:"75";s:5:"width";s:2:"75";}s:3:"thm";a:2:{s:6:"height";d:66.625;s:5:"width";s:3:"100";}s:3:"sml";a:2:{s:6:"height";d:159.900000000000005684341886080801486968994140625;s:5:"width";s:3:"240";}s:2:"md";a:2:{s:6:"height";d:419.73750000000001136868377216160297393798828125;s:5:"width";s:3:"630";}s:3:"lrg";a:2:{s:6:"height";i:533;s:5:"width";i:800;}s:3:"img";s:19:"38357-4a0068f5d18da";}}','2009-05-05 20:27:34','2009-05-05 20:27:34'),
	('402','17','',NULL,NULL,NULL,'a:1:{s:3:"img";a:6:{s:2:"sq";a:2:{s:6:"height";s:2:"75";s:5:"width";s:2:"75";}s:3:"thm";a:2:{s:6:"height";i:80;s:5:"width";s:3:"100";}s:3:"sml";a:2:{s:6:"height";i:192;s:5:"width";s:3:"240";}s:2:"md";a:2:{s:6:"height";i:504;s:5:"width";s:3:"630";}s:3:"lrg";a:2:{s:6:"height";i:640;s:5:"width";i:800;}s:3:"img";s:19:"26921-4a0069c7154e0";}}','2009-05-05 20:31:03','2009-05-05 20:31:03'),
	('403','18','',NULL,NULL,NULL,'a:1:{s:3:"img";a:6:{s:2:"sq";a:2:{s:6:"height";s:2:"75";s:5:"width";s:2:"75";}s:3:"thm";a:2:{s:6:"height";d:72.5;s:5:"width";s:3:"100";}s:3:"sml";a:2:{s:6:"height";i:174;s:5:"width";s:3:"240";}s:2:"md";a:2:{s:6:"height";d:456.75;s:5:"width";s:3:"630";}s:3:"lrg";a:2:{s:6:"height";i:580;s:5:"width";i:800;}s:3:"img";s:19:"30816-4a006a4339dd8";}}','2009-05-05 20:33:08','2009-05-05 20:33:08'),
	('404','18','',NULL,NULL,NULL,'a:1:{s:3:"img";a:6:{s:2:"sq";a:2:{s:6:"height";s:2:"75";s:5:"width";s:2:"75";}s:3:"thm";a:2:{s:6:"height";d:76.25;s:5:"width";s:3:"100";}s:3:"sml";a:2:{s:6:"height";i:183;s:5:"width";s:3:"240";}s:2:"md";a:2:{s:6:"height";d:480.375;s:5:"width";s:3:"630";}s:3:"lrg";a:2:{s:6:"height";i:610;s:5:"width";i:800;}s:3:"img";s:19:"99402-4a006b5706012";}}','2009-05-05 20:37:43','2009-05-05 20:37:43'),
	('405','18','',NULL,NULL,NULL,'a:1:{s:3:"img";a:6:{s:2:"sq";a:2:{s:6:"height";s:2:"75";s:5:"width";s:2:"75";}s:3:"thm";a:2:{s:6:"height";s:3:"100";s:5:"width";d:66.625;}s:3:"sml";a:2:{s:6:"height";s:3:"240";s:5:"width";d:159.900000000000005684341886080801486968994140625;}s:2:"md";a:2:{s:6:"height";s:3:"630";s:5:"width";d:419.73750000000001136868377216160297393798828125;}s:3:"lrg";a:2:{s:6:"height";i:800;s:5:"width";i:533;}s:3:"img";s:19:"67097-4a006b902c536";}}','2009-05-05 20:38:40','2009-05-05 20:38:40'),
	('406','18','',NULL,NULL,NULL,'a:1:{s:3:"img";a:6:{s:2:"sq";a:2:{s:6:"height";s:2:"75";s:5:"width";s:2:"75";}s:3:"thm";a:2:{s:6:"height";d:66.625;s:5:"width";s:3:"100";}s:3:"sml";a:2:{s:6:"height";d:159.900000000000005684341886080801486968994140625;s:5:"width";s:3:"240";}s:2:"md";a:2:{s:6:"height";d:419.73750000000001136868377216160297393798828125;s:5:"width";s:3:"630";}s:3:"lrg";a:2:{s:6:"height";i:533;s:5:"width";i:800;}s:3:"img";s:19:"73977-4a006bc57be9a";}}','2009-05-05 20:39:34','2009-05-05 20:39:34'),
	('407','19','',NULL,NULL,NULL,'a:1:{s:3:"img";a:6:{s:2:"sq";a:2:{s:6:"height";s:2:"75";s:5:"width";s:2:"75";}s:3:"thm";a:2:{s:6:"height";i:75;s:5:"width";s:3:"100";}s:3:"sml";a:2:{s:6:"height";i:180;s:5:"width";s:3:"240";}s:2:"md";a:2:{s:6:"height";d:472.5;s:5:"width";s:3:"630";}s:3:"lrg";a:2:{s:6:"height";i:600;s:5:"width";i:800;}s:3:"img";s:19:"72854-4a006c26099ea";}}','2009-05-05 20:41:10','2009-05-05 20:41:10'),
	('408','19','',NULL,NULL,NULL,'a:1:{s:3:"img";a:6:{s:2:"sq";a:2:{s:6:"height";s:2:"75";s:5:"width";s:2:"75";}s:3:"thm";a:2:{s:6:"height";s:3:"100";s:5:"width";i:75;}s:3:"sml";a:2:{s:6:"height";s:3:"240";s:5:"width";i:180;}s:2:"md";a:2:{s:6:"height";s:3:"630";s:5:"width";d:472.5;}s:3:"lrg";a:2:{s:6:"height";i:800;s:5:"width";i:600;}s:3:"img";s:19:"88552-4a006c56ee437";}}','2009-05-05 20:41:59','2009-05-05 20:41:59'),
	('409','20','',NULL,NULL,NULL,'a:1:{s:3:"img";a:6:{s:2:"sq";a:2:{s:6:"height";s:2:"75";s:5:"width";s:2:"75";}s:3:"thm";a:2:{s:6:"height";d:66.625;s:5:"width";s:3:"100";}s:3:"sml";a:2:{s:6:"height";d:159.900000000000005684341886080801486968994140625;s:5:"width";s:3:"240";}s:2:"md";a:2:{s:6:"height";d:419.73750000000001136868377216160297393798828125;s:5:"width";s:3:"630";}s:3:"lrg";a:2:{s:6:"height";i:533;s:5:"width";i:800;}s:3:"img";s:19:"72683-4a006e35c4411";}}','2009-05-05 20:49:58','2009-05-05 20:49:58'),
	('410','20','',NULL,NULL,NULL,'a:1:{s:3:"img";a:6:{s:2:"sq";a:2:{s:6:"height";s:2:"75";s:5:"width";s:2:"75";}s:3:"thm";a:2:{s:6:"height";s:3:"100";s:5:"width";d:67.103538663171690359376952983438968658447265625;}s:3:"sml";a:2:{s:6:"height";s:3:"240";s:5:"width";d:161.048492791612062546846573241055011749267578125;}s:2:"md";a:2:{s:6:"height";s:3:"630";s:5:"width";d:422.75229357798167484361329115927219390869140625;}s:3:"lrg";a:2:{s:6:"height";i:763;s:5:"width";i:512;}s:3:"img";s:19:"67606-4a006e616040b";}}','2009-05-05 20:50:42','2009-05-05 20:50:42'),
	('411','20','',NULL,NULL,NULL,'a:1:{s:3:"img";a:6:{s:2:"sq";a:2:{s:6:"height";s:2:"75";s:5:"width";s:2:"75";}s:3:"thm";a:2:{s:6:"height";i:75;s:5:"width";s:3:"100";}s:3:"sml";a:2:{s:6:"height";i:180;s:5:"width";s:3:"240";}s:2:"md";a:2:{s:6:"height";d:472.5;s:5:"width";s:3:"630";}s:3:"lrg";a:2:{s:6:"height";i:600;s:5:"width";i:800;}s:3:"img";s:19:"62875-4a006e8c0beb2";}}','2009-05-05 20:51:24','2009-05-05 20:51:24'),
	('412','20','',NULL,NULL,NULL,'a:1:{s:3:"img";a:6:{s:2:"sq";a:2:{s:6:"height";s:2:"75";s:5:"width";s:2:"75";}s:3:"thm";a:2:{s:6:"height";s:3:"100";s:5:"width";d:66.625;}s:3:"sml";a:2:{s:6:"height";s:3:"240";s:5:"width";d:159.900000000000005684341886080801486968994140625;}s:2:"md";a:2:{s:6:"height";s:3:"630";s:5:"width";d:419.73750000000001136868377216160297393798828125;}s:3:"lrg";a:2:{s:6:"height";i:800;s:5:"width";i:533;}s:3:"img";s:19:"82839-4a006ea1e8c46";}}','2009-05-05 20:51:46','2009-05-05 20:51:46'),
	('413','4','',NULL,NULL,NULL,'a:1:{s:3:"img";a:6:{s:2:"sq";a:2:{s:6:"height";s:2:"75";s:5:"width";s:2:"75";}s:3:"thm";a:2:{s:6:"height";i:75;s:5:"width";s:3:"100";}s:3:"sml";a:2:{s:6:"height";i:180;s:5:"width";s:3:"240";}s:2:"md";a:2:{s:6:"height";d:472.5;s:5:"width";s:3:"630";}s:3:"lrg";a:2:{s:6:"height";i:600;s:5:"width";i:800;}s:3:"img";s:19:"22471-4a016f3c2a606";}}','2009-05-06 15:06:37','2009-05-06 15:06:37'),
	('416',NULL,'new3',NULL,NULL,NULL,'a:1:{s:3:"img";a:3:{s:2:"sq";a:2:{s:6:"height";s:2:"75";s:5:"width";s:2:"75";}s:2:"md";a:2:{s:6:"height";i:470;s:5:"width";i:630;}s:3:"img";s:19:"99802-4a017ca29be4a";}}','2009-05-06 16:03:47','2009-05-06 16:03:47'),
	('417','13','',NULL,NULL,NULL,'a:1:{s:3:"img";a:6:{s:2:"sq";a:2:{s:6:"height";s:2:"75";s:5:"width";s:2:"75";}s:3:"thm";a:2:{s:6:"height";i:75;s:5:"width";s:3:"100";}s:3:"sml";a:2:{s:6:"height";i:180;s:5:"width";s:3:"240";}s:2:"md";a:2:{s:6:"height";d:472.5;s:5:"width";s:3:"630";}s:3:"lrg";a:2:{s:6:"height";i:600;s:5:"width";i:800;}s:3:"img";s:19:"88325-4a029f4beb079";}}','2009-05-07 12:43:56','2009-05-07 12:43:56'),
	('418','13','',NULL,NULL,NULL,'a:1:{s:3:"img";a:6:{s:2:"sq";a:2:{s:6:"height";s:2:"75";s:5:"width";s:2:"75";}s:3:"thm";a:2:{s:6:"height";d:75.375;s:5:"width";s:3:"100";}s:3:"sml";a:2:{s:6:"height";d:180.900000000000005684341886080801486968994140625;s:5:"width";s:3:"240";}s:2:"md";a:2:{s:6:"height";d:474.86250000000001136868377216160297393798828125;s:5:"width";s:3:"630";}s:3:"lrg";a:2:{s:6:"height";i:603;s:5:"width";i:800;}s:3:"img";s:19:"56592-4a029f660c718";}}','2009-05-07 12:44:22','2009-05-07 12:44:22'),
	('419','21','',NULL,NULL,NULL,'a:1:{s:3:"img";a:6:{s:2:"sq";a:2:{s:6:"height";s:2:"75";s:5:"width";s:2:"75";}s:3:"thm";a:2:{s:6:"height";i:75;s:5:"width";s:3:"100";}s:3:"sml";a:2:{s:6:"height";i:180;s:5:"width";s:3:"240";}s:2:"md";a:2:{s:6:"height";d:472.5;s:5:"width";s:3:"630";}s:3:"lrg";a:2:{s:6:"height";i:600;s:5:"width";i:800;}s:3:"img";s:19:"30075-4a029fea4593f";}}','2009-05-07 12:46:35','2009-05-07 12:46:35'),
	('420','20','',NULL,NULL,NULL,'a:1:{s:3:"img";a:6:{s:2:"sq";a:2:{s:6:"height";s:2:"75";s:5:"width";s:2:"75";}s:3:"thm";a:2:{s:6:"height";d:66.5;s:5:"width";s:3:"100";}s:3:"sml";a:2:{s:6:"height";d:159.599999999999994315658113919198513031005859375;s:5:"width";s:3:"240";}s:2:"md";a:2:{s:6:"height";d:418.94999999999998863131622783839702606201171875;s:5:"width";s:3:"630";}s:3:"lrg";a:2:{s:6:"height";i:532;s:5:"width";i:800;}s:3:"img";s:19:"95162-4a02aaad02aad";}}','2009-05-07 13:32:29','2009-05-07 13:32:29'),
	('421',NULL,'name3',NULL,NULL,NULL,'a:1:{s:3:"img";a:3:{s:2:"sq";a:2:{s:6:"height";s:2:"75";s:5:"width";s:2:"75";}s:2:"md";a:2:{s:6:"height";i:470;s:5:"width";i:630;}s:3:"img";s:19:"51623-4a02c1542255f";}}','2009-05-07 15:09:08','2009-05-07 15:09:08'),
	('422',NULL,'name3',NULL,NULL,NULL,'a:1:{s:3:"img";a:3:{s:2:"sq";a:2:{s:6:"height";s:2:"75";s:5:"width";s:2:"75";}s:2:"md";a:2:{s:6:"height";i:470;s:5:"width";i:630;}s:3:"img";s:19:"52425-4a02c176bbb76";}}','2009-05-07 15:09:43','2009-05-07 15:09:43'),
	('423',NULL,'name3',NULL,NULL,NULL,'a:1:{s:3:"img";a:3:{s:2:"sq";a:2:{s:6:"height";s:2:"75";s:5:"width";s:2:"75";}s:2:"md";a:2:{s:6:"height";i:470;s:5:"width";i:630;}s:3:"img";s:19:"51874-4a02c18f063e2";}}','2009-05-07 15:10:08','2009-05-07 15:10:08'),
	('424',NULL,'name3',NULL,NULL,NULL,'a:1:{s:3:"img";a:3:{s:2:"sq";a:2:{s:6:"height";s:2:"75";s:5:"width";s:2:"75";}s:2:"md";a:2:{s:6:"height";i:470;s:5:"width";i:630;}s:3:"img";s:19:"55041-4a02c19d31b19";}}','2009-05-07 15:10:21','2009-05-07 15:10:21'),
	('425',NULL,'',NULL,NULL,NULL,'a:1:{s:3:"img";a:6:{s:2:"sq";a:2:{s:6:"height";s:2:"75";s:5:"width";s:2:"75";}s:3:"thm";a:2:{s:6:"height";d:66.5;s:5:"width";s:3:"100";}s:3:"sml";a:2:{s:6:"height";d:159.599999999999994315658113919198513031005859375;s:5:"width";s:3:"240";}s:2:"md";a:2:{s:6:"height";d:418.94999999999998863131622783839702606201171875;s:5:"width";s:3:"630";}s:3:"lrg";a:2:{s:6:"height";i:532;s:5:"width";i:800;}s:3:"img";s:19:"37452-4a030f2903e1b";}}','2009-05-07 20:41:13','2009-05-07 20:41:13');
/*!40000 ALTER TABLE `images` ENABLE KEYS;*/
UNLOCK TABLES;


#
# Table structure for table 'users'
#

CREATE TABLE /*!32312 IF NOT EXISTS*/ `users` (
  `id` int(10) unsigned NOT NULL auto_increment,
  `username` varchar(64) character set utf8 collate utf8_unicode_ci NOT NULL default '',
  `group_id` int(11) NOT NULL default '0',
  `password` varchar(64) character set utf8 collate utf8_unicode_ci NOT NULL default '',
  `email` varchar(100) character set utf8 collate utf8_unicode_ci NOT NULL default '',
  `uuid` varchar(50) NOT NULL,
  `phone` varchar(50) default NULL,
  `company` varchar(50) default NULL,
  `business` text,
  `website` varchar(250) default NULL,
  `address1` text,
  `bank_detail` text,
  `active` tinyint(1) unsigned NOT NULL default '0',
  `created` datetime default NULL,
  `birthday` date default NULL,
  PRIMARY KEY  (`id`),
  UNIQUE KEY `username` (`username`),
  UNIQUE KEY `uuid` (`uuid`)
) ENGINE=InnoDB AUTO_INCREMENT=33 DEFAULT CHARSET=utf8;



#
# Dumping data for table 'users'
#

LOCK TABLES `users` WRITE;
/*!40000 ALTER TABLE `users` DISABLE KEYS;*/
REPLACE INTO `users` (`id`, `username`, `group_id`, `password`, `email`, `uuid`, `phone`, `company`, `business`, `website`, `address1`, `bank_detail`, `active`, `created`, `birthday`) VALUES
	('1','admin',1,'c129b324aee662b04eccf68babba85851346dff9','4116457@mail.ru','49be585a29f64',NULL,NULL,NULL,NULL,NULL,NULL,0,'0000-00-00 00:00:00',NULL),
	('2','kondrat',2,'c129b324aee662b04eccf68babba85851346dff9','4116458@mail.ru','49be585a29f76',NULL,NULL,NULL,NULL,NULL,NULL,0,'0000-00-00 00:00:00',NULL),
	('14','user3',4,'c129b324aee662b04eccf68babba85851346dff9','sdfd4@mmm.rl','49be5768a8f30',NULL,NULL,NULL,NULL,NULL,NULL,0,'2009-03-16 16:43:04',NULL),
	('15','user4',4,'c129b324aee662b04eccf68babba85851346dff9','sdfd41@mmm.rl','49be5d81b1fd5',NULL,NULL,NULL,NULL,NULL,NULL,0,'2009-03-16 17:09:05',NULL),
	('16','user5',4,'c129b324aee662b04eccf68babba85851346dff9','sss5@mm.ru','49be910e8f83b',NULL,NULL,NULL,NULL,NULL,NULL,0,'2009-03-16 20:49:02',NULL),
	('17','opera1',4,'c129b324aee662b04eccf68babba85851346dff9','sdf@mm.ru','49d36e9e32c24',NULL,NULL,NULL,NULL,NULL,NULL,0,'2009-04-01 17:39:42',NULL),
	('18','work1',4,'c129b324aee662b04eccf68babba85851346dff9','ww@mm.ru','49d4abccc16b8',NULL,NULL,NULL,NULL,NULL,NULL,0,'2009-04-02 16:13:00',NULL),
	('19','as',1,'c129b324aee662b04eccf68babba85851346dff9','ss@mm.ru','49da386d1d032',NULL,NULL,NULL,NULL,NULL,NULL,0,'2009-04-06 21:14:21',NULL),
	('20','ыы',4,'b8636ec077b427ca38a7bd0b71c5f65c5fa89819','asdf@mm.ru','49dc6b0b85f36',NULL,NULL,NULL,NULL,NULL,NULL,0,'2009-04-08 13:14:51',NULL),
	('21','work1s',1,'2057f4ae002508b76db981a4db4f7d0705edf040','s@mm.rus','49dcac3ef16d4',NULL,NULL,NULL,NULL,NULL,NULL,0,'2009-04-08 17:53:02',NULL),
	('22','af',1,'f8ab2d7a690fd197ef52bd465dc826d6c275d403','a@mm.ru','49e35f51d12da',NULL,NULL,NULL,NULL,NULL,NULL,0,'2009-04-13 19:50:41',NULL),
	('23','work2',4,'c129b324aee662b04eccf68babba85851346dff9','ww@mm.ru','49e462cd61e20',NULL,NULL,NULL,NULL,NULL,NULL,0,'2009-04-14 14:17:49',NULL),
	('24','work3',4,'c129b324aee662b04eccf68babba85851346dff9','ss@mm.ru','49e4d0add269c',NULL,NULL,NULL,NULL,NULL,NULL,0,'2009-04-14 22:06:37',NULL),
	('25','work4',4,'c129b324aee662b04eccf68babba85851346dff9','w4@mm.ru','49eddb0871ac7',NULL,NULL,NULL,NULL,NULL,NULL,0,'2009-04-21 18:41:12',NULL),
	('26','work5',4,'c129b324aee662b04eccf68babba85851346dff9','w5@mm.ru','49eddd5fac073',NULL,NULL,NULL,NULL,NULL,NULL,0,'2009-04-21 18:51:11',NULL),
	('27','work6',4,'c129b324aee662b04eccf68babba85851346dff9','w6@mm.ru','49edee9bc20a9',NULL,NULL,NULL,NULL,NULL,NULL,0,'2009-04-21 20:04:43',NULL),
	('28','work7',4,'c129b324aee662b04eccf68babba85851346dff9','aaa@mmm.ru','4a005fb866ad4',NULL,NULL,NULL,NULL,NULL,NULL,0,'2009-05-05 19:48:08',NULL),
	('29','work8',4,'c129b324aee662b04eccf68babba85851346dff9','work8@mail.ru','4a006a18a7b95',NULL,NULL,NULL,NULL,NULL,NULL,0,'2009-05-05 20:32:24',NULL),
	('30','work9',4,'c129b324aee662b04eccf68babba85851346dff9','work9@mm.ru','4a006c089f84e',NULL,NULL,NULL,NULL,NULL,NULL,0,'2009-05-05 20:40:40',NULL),
	('31','work10',4,'c129b324aee662b04eccf68babba85851346dff9','work10@mm.ru','4a006e2200013',NULL,NULL,NULL,NULL,NULL,NULL,0,'2009-05-05 20:49:38',NULL),
	('32','work11',4,'c129b324aee662b04eccf68babba85851346dff9','work11@mm.ru','4a029fdbd00a8',NULL,NULL,NULL,NULL,NULL,NULL,0,'2009-05-07 12:46:19',NULL);
/*!40000 ALTER TABLE `users` ENABLE KEYS;*/
UNLOCK TABLES;
/*!40014 SET FOREIGN_KEY_CHECKS=@OLD_FOREIGN_KEY_CHECKS;*/
